time,temperature_2m_max,temperature_2m_min,temperature_2m_mean,apparent_temperature_max,apparent_temperature_min,relative_humidity_2m_max,relative_humidity_2m_min,relative_humidity_2m_mean,wind_speed_10m_max,wind_gusts_10m_max,wind_direction_10m_dominant,precipitation_sum,rain_sum,snowfall_sum,precipitation_hours,shortwave_radiation_sum,sunshine_duration,weather_code,target
2019-01-01,21.8,6.5,14.3,20.9,4.3,94,39,68,4.9,11.4,307,0.0,0.0,0.0,0.0,13.81,35717.66,0,21.7
2019-01-02,22.6,8.0,14.6,21.7,6.0,95,41,71,6.4,9.8,43,0.0,0.0,0.0,0.0,13.72,35757.15,0,21.2
2019-01-03,22.6,7.8,14.6,21.2,6.2,97,41,73,6.5,13.4,292,0.0,0.0,0.0,0.0,13.86,35797.77,0,21.6
2019-01-04,22.2,8.0,14.7,21.6,6.1,96,35,69,5.8,10.3,327,0.0,0.0,0.0,0.0,13.65,33561.61,3,21.5
2019-01-05,23.4,9.9,16.0,21.5,8.2,86,42,66,7.9,16.6,85,0.0,0.0,0.0,0.0,13.27,33308.56,3,23.3
2019-01-06,23.2,12.2,16.8,23.3,10.5,85,49,68,9.9,18.8,73,1.2,1.2,0.0,6.0,12.15,35925.41,51,19.1
2019-01-07,21.2,10.5,15.2,19.1,9.6,97,48,77,9.7,19.2,340,0.0,0.0,0.0,0.0,13.62,35969.53,0,19.6
2019-01-08,21.5,10.2,14.9,19.6,8.9,93,41,71,6.4,15.0,297,0.0,0.0,0.0,0.0,13.97,36000.0,0,18.3
2019-01-09,20.8,8.7,13.8,18.3,7.1,93,42,70,8.2,17.7,290,0.0,0.0,0.0,0.0,14.25,36000.0,0,18.9
2019-01-10,20.7,7.8,14.3,18.9,6.1,92,38,64,5.1,12.3,300,0.0,0.0,0.0,0.0,14.48,36000.0,0,20.0
2019-01-11,20.9,7.6,13.6,20.0,5.6,94,40,69,6.7,9.8,34,0.0,0.0,0.0,0.0,14.39,36000.0,3,20.8
2019-01-12,21.5,8.1,14.1,20.8,5.7,93,42,70,6.3,9.8,56,0.0,0.0,0.0,0.0,14.34,36000.0,2,22.1
2019-01-13,23.1,9.8,15.4,22.1,8.3,93,45,72,5.7,13.2,25,0.0,0.0,0.0,0.0,14.11,36000.0,0,19.6
2019-01-14,22.5,10.6,15.3,19.6,8.6,94,33,64,10.6,20.1,300,0.0,0.0,0.0,0.0,14.8,36000.0,0,16.2
2019-01-15,19.2,7.6,12.4,16.2,4.1,72,34,55,7.1,15.0,273,0.0,0.0,0.0,0.0,14.11,36000.0,3,19.0
2019-01-16,20.5,5.7,13.1,19.0,3.4,92,35,62,5.8,8.3,314,0.0,0.0,0.0,0.0,14.89,36000.0,2,20.2
2019-01-17,22.0,7.3,13.5,20.2,4.9,92,36,68,6.6,12.5,335,0.0,0.0,0.0,0.0,14.97,36000.0,0,20.6
2019-01-18,22.2,7.4,13.9,20.6,5.5,93,38,71,6.4,13.6,299,0.0,0.0,0.0,0.0,15.25,36000.0,0,21.9
2019-01-19,23.1,7.6,14.3,21.9,5.7,95,37,72,6.9,10.5,281,0.0,0.0,0.0,0.0,15.04,36000.0,2,24.9
2019-01-20,25.1,8.2,16.4,24.9,6.6,93,40,68,6.4,9.2,226,0.0,0.0,0.0,0.0,15.07,36000.0,0,25.6
2019-01-21,27.5,10.1,18.4,25.6,8.8,93,34,62,10.9,18.3,115,0.0,0.0,0.0,0.0,14.98,35663.5,2,22.9
2019-01-22,24.5,14.6,18.6,22.9,12.6,78,42,64,10.4,28.9,61,0.2,0.2,0.0,1.0,12.14,34346.91,51,24.0
2019-01-23,22.9,14.4,17.6,24.0,13.9,93,60,79,7.4,15.4,63,1.1,1.1,0.0,6.0,12.35,34854.15,51,22.9
2019-01-24,23.1,12.9,17.3,22.9,12.7,97,49,78,5.0,13.4,51,0.0,0.0,0.0,0.0,14.46,36000.0,1,21.3
2019-01-25,20.8,13.1,16.0,21.3,12.6,97,67,85,10.4,22.4,54,7.9,7.9,0.0,11.0,10.26,27381.62,61,19.0
2019-01-26,20.3,11.3,14.7,19.0,10.7,99,50,82,6.5,15.0,342,0.0,0.0,0.0,0.0,11.14,30941.06,3,18.2
2019-01-27,20.1,10.0,14.1,18.2,8.1,85,42,66,7.8,17.0,311,0.0,0.0,0.0,0.0,15.73,36000.0,1,16.4
2019-01-28,19.0,7.6,12.5,16.4,5.1,86,36,62,8.4,16.6,296,0.0,0.0,0.0,0.0,16.44,36157.12,0,16.3
2019-01-29,19.2,7.3,12.3,16.3,4.3,77,33,58,8.9,19.0,284,0.0,0.0,0.0,0.0,16.74,36143.35,0,19.1
2019-01-30,20.7,6.4,13.4,19.1,4.1,86,36,61,5.7,12.5,277,0.0,0.0,0.0,0.0,16.49,36128.94,3,19.4
2019-01-31,21.4,9.4,15.2,19.4,7.5,84,43,64,7.4,16.8,98,0.1,0.1,0.0,1.0,14.06,36000.0,51,25.1
2019-02-01,25.3,11.9,17.9,25.1,10.6,85,41,64,6.5,14.1,88,0.0,0.0,0.0,0.0,16.25,36000.0,3,24.1
2019-02-02,24.4,12.0,17.7,24.1,11.2,93,44,71,6.0,12.1,346,0.0,0.0,0.0,0.0,15.73,36000.0,1,23.5
2019-02-03,23.6,11.6,16.6,23.5,10.8,96,48,74,5.7,13.0,326,0.0,0.0,0.0,0.0,16.61,36065.24,0,23.8
2019-02-04,24.4,10.0,16.5,23.8,8.8,94,41,70,6.0,13.0,327,0.0,0.0,0.0,0.0,16.65,36047.9,3,26.3
2019-02-05,25.8,12.4,18.2,26.3,11.7,93,50,74,5.0,11.9,56,0.0,0.0,0.0,0.0,13.99,33163.4,3,27.2
2019-02-06,26.8,14.5,20.3,27.2,14.7,97,47,73,9.8,17.7,81,0.0,0.0,0.0,0.0,14.09,35643.04,3,24.8
2019-02-07,24.8,16.5,19.7,24.8,16.2,93,53,77,15.1,34.7,99,4.4,4.4,0.0,12.0,11.45,32404.22,53,23.4
2019-02-08,23.2,13.3,17.6,23.4,10.9,100,35,67,10.7,17.9,309,1.3,1.3,0.0,1.0,17.48,36241.77,61,17.6
2019-02-09,20.3,10.9,14.8,17.6,8.6,84,32,57,10.0,21.0,302,0.0,0.0,0.0,0.0,17.99,36489.11,0,20.2
2019-02-10,21.4,8.1,14.5,20.2,5.7,87,36,63,5.8,13.0,305,0.0,0.0,0.0,0.0,17.8,36734.71,3,20.5
2019-02-11,21.6,8.6,14.8,20.5,6.6,93,37,67,5.8,9.2,359,0.0,0.0,0.0,0.0,16.52,36711.71,3,24.4
2019-02-12,23.9,10.4,16.3,24.4,8.9,87,37,65,5.7,10.7,43,0.0,0.0,0.0,0.0,17.85,36511.54,3,26.3
2019-02-13,25.8,11.1,17.7,26.3,10.0,94,38,68,5.5,8.1,73,0.0,0.0,0.0,0.0,16.51,35112.52,3,22.8
2019-02-14,21.8,13.7,17.8,22.8,13.0,93,60,81,8.6,24.4,88,5.5,5.5,0.0,9.0,7.69,8218.65,61,25.3
2019-02-15,24.5,15.6,19.0,25.3,15.3,96,58,84,13.0,27.1,97,10.4,10.4,0.0,17.0,11.69,24812.11,61,22.1
2019-02-16,23.3,13.4,17.7,22.1,12.9,100,39,73,11.2,21.9,299,0.0,0.0,0.0,0.0,18.54,36851.93,3,21.6
2019-02-17,22.9,11.4,16.4,21.6,9.9,87,39,66,9.5,19.9,284,0.0,0.0,0.0,0.0,18.86,37089.25,3,25.6
2019-02-18,25.6,11.6,18.1,25.6,10.3,93,39,66,6.5,14.3,228,0.0,0.0,0.0,0.0,16.96,36955.37,3,28.4
2019-02-19,27.9,15.4,20.9,28.4,14.1,78,38,58,7.4,13.2,301,0.2,0.2,0.0,1.0,17.86,36770.08,51,30.5
2019-02-20,28.4,14.8,20.9,30.5,14.7,93,42,72,7.4,13.2,68,0.0,0.0,0.0,0.0,15.52,30793.39,3,30.5
2019-02-21,28.5,15.6,21.9,30.5,16.1,94,54,72,10.0,21.0,82,0.7,0.7,0.0,2.0,15.9,37238.96,53,31.3
2019-02-22,29.5,17.0,23.0,31.3,17.0,93,49,69,10.9,19.5,326,0.1,0.1,0.0,1.0,18.06,37471.88,51,21.4
2019-02-23,24.6,14.4,19.1,21.4,12.8,78,27,54,11.4,23.0,302,0.0,0.0,0.0,0.0,18.22,35361.9,3,20.9
2019-02-24,22.6,11.1,17.1,20.9,9.8,91,41,64,8.2,21.7,320,0.2,0.2,0.0,1.0,12.07,25523.47,51,27.2
2019-02-25,26.5,11.5,19.2,27.2,10.4,94,32,61,6.5,13.6,67,0.0,0.0,0.0,0.0,18.57,37906.7,1,26.5
2019-02-26,27.6,14.4,19.5,26.5,13.2,84,34,62,10.9,24.2,69,3.0,3.0,0.0,4.0,17.18,38134.39,61,23.4
2019-02-27,23.0,14.5,17.9,23.4,12.5,88,48,66,11.5,21.0,11,0.3,0.3,0.0,1.0,17.43,37061.45,51,20.6
2019-02-28,22.7,11.6,16.3,20.6,10.7,97,26,63,9.4,19.2,327,0.1,0.1,0.0,1.0,20.68,39317.59,51,22.3
2019-03-01,24.0,9.2,16.5,22.3,7.5,91,28,58,7.9,17.4,326,0.0,0.0,0.0,0.0,20.61,39526.76,2,22.6
2019-03-02,24.1,11.0,17.6,22.6,9.7,92,37,61,6.1,12.3,76,0.3,0.3,0.0,2.0,12.93,23884.27,51,22.2
2019-03-03,22.2,14.2,17.6,22.2,13.2,94,63,79,9.4,19.7,74,5.3,5.3,0.0,15.0,13.14,31714.5,61,27.8
2019-03-04,26.1,14.1,19.7,27.8,14.5,98,43,73,6.2,13.2,2,0.1,0.1,0.0,1.0,18.29,35375.53,51,25.7
2019-03-05,25.8,14.4,20.2,25.7,14.5,93,39,64,8.7,17.7,337,0.0,0.0,0.0,0.0,17.41,39796.32,1,24.2
2019-03-06,25.8,13.4,19.3,24.2,12.1,78,28,51,11.0,21.5,316,0.0,0.0,0.0,0.0,21.26,40095.68,0,26.9
2019-03-07,27.2,12.0,19.8,26.9,10.7,79,28,52,6.6,13.9,300,0.0,0.0,0.0,0.0,21.3,40138.48,0,28.4
2019-03-08,29.0,14.1,21.1,28.4,12.8,78,24,51,7.3,13.6,357,0.0,0.0,0.0,0.0,21.32,40180.38,0,31.2
2019-03-09,29.6,15.7,22.8,31.2,15.1,73,33,52,7.6,14.1,28,0.0,0.0,0.0,0.0,20.44,40163.65,2,30.2
2019-03-10,29.2,16.8,22.6,30.2,16.0,76,32,52,6.4,12.8,357,0.0,0.0,0.0,0.0,21.18,40403.71,0,29.6
2019-03-11,30.8,17.4,23.9,29.6,15.9,58,31,45,10.3,21.5,98,0.0,0.0,0.0,0.0,17.03,37708.95,3,32.4
2019-03-12,32.0,16.7,24.4,32.4,16.6,80,23,48,7.4,16.3,348,0.0,0.0,0.0,0.0,20.99,39602.54,3,31.5
2019-03-13,31.0,17.3,24.1,31.5,17.0,78,27,46,9.0,15.4,14,0.0,0.0,0.0,0.0,20.44,40355.1,3,29.6
2019-03-14,29.2,18.4,23.7,29.6,17.5,69,40,52,10.2,19.0,60,1.0,1.0,0.0,4.0,17.58,38984.83,53,29.5
2019-03-15,30.0,17.9,23.6,29.5,16.4,70,28,46,9.9,17.2,348,0.0,0.0,0.0,0.0,19.91,39730.6,3,27.6
2019-03-16,28.9,15.1,21.6,27.6,14.2,77,21,44,9.0,19.2,309,0.0,0.0,0.0,0.0,22.66,40819.71,3,29.8
2019-03-17,29.6,14.8,22.2,29.8,13.0,69,26,46,7.5,13.4,352,0.0,0.0,0.0,0.0,20.42,40293.17,3,29.6
2019-03-18,30.5,14.9,22.5,29.6,14.0,84,21,48,7.9,16.8,314,0.0,0.0,0.0,0.0,22.8,41044.61,1,30.9
2019-03-19,31.5,14.8,23.9,30.9,14.1,79,23,43,8.4,17.7,274,0.0,0.0,0.0,0.0,22.54,41029.5,0,33.4
2019-03-20,33.5,17.1,25.7,33.4,16.4,68,18,39,8.9,19.0,127,0.0,0.0,0.0,0.0,20.55,40503.82,2,36.4
2019-03-21,33.9,20.4,26.6,36.4,18.6,54,23,42,8.0,15.9,79,0.0,0.0,0.0,0.0,21.81,40999.95,2,31.8
2019-03-22,33.2,18.8,25.9,31.8,17.5,57,20,37,12.7,24.6,323,0.0,0.0,0.0,0.0,22.77,40985.6,0,29.0
2019-03-23,32.2,16.8,24.1,29.0,15.1,56,16,35,13.3,25.7,299,0.0,0.0,0.0,0.0,23.64,41226.82,1,32.8
2019-03-24,34.0,18.4,26.2,32.8,16.4,52,21,37,10.6,21.7,302,0.0,0.0,0.0,0.0,23.11,41213.02,0,35.2
2019-03-25,35.5,18.8,27.2,35.2,18.4,65,21,40,14.3,28.4,291,0.0,0.0,0.0,0.0,20.51,39667.48,3,31.7
2019-03-26,32.5,19.5,25.7,31.7,20.1,80,19,46,11.3,21.9,320,0.0,0.0,0.0,0.0,23.25,41441.5,3,32.4
2019-03-27,33.2,17.8,25.4,32.4,16.9,70,19,40,7.5,17.0,313,0.0,0.0,0.0,0.0,23.72,39640.63,3,35.4
2019-03-28,34.7,18.0,26.5,35.4,17.6,69,26,45,7.9,16.8,310,0.0,0.0,0.0,0.0,22.72,41160.18,3,38.2
2019-03-29,36.9,19.4,28.3,38.2,20.2,77,23,47,5.8,14.3,161,0.0,0.0,0.0,0.0,23.13,41403.06,2,40.7
2019-03-30,38.5,21.0,29.6,40.7,22.1,77,19,42,16.1,37.8,59,0.0,0.0,0.0,0.0,22.21,34563.01,3,39.6
2019-03-31,38.2,22.6,30.3,39.6,22.2,64,16,35,12.7,25.9,323,0.0,0.0,0.0,0.0,22.3,36000.0,3,34.1
2019-04-01,36.0,20.2,28.1,34.1,17.8,50,14,28,11.0,22.6,307,0.0,0.0,0.0,0.0,24.33,40087.3,1,34.6
2019-04-02,36.7,19.4,28.1,34.6,17.9,49,13,29,11.9,23.7,318,0.0,0.0,0.0,0.0,24.51,41866.52,0,37.7
2019-04-03,37.8,19.0,29.1,37.7,17.5,52,15,29,6.7,14.3,311,0.0,0.0,0.0,0.0,24.12,41598.98,0,39.9
2019-04-04,38.5,21.5,29.8,39.9,20.6,50,17,31,6.9,13.6,50,0.0,0.0,0.0,0.0,23.99,41843.78,3,40.8
2019-04-05,39.5,22.5,31.4,40.8,22.4,61,16,35,16.8,32.9,84,0.0,0.0,0.0,0.0,23.26,37829.57,3,40.5
2019-04-06,37.3,25.5,30.8,40.5,25.7,58,16,40,14.1,28.6,83,0.1,0.1,0.0,1.0,20.44,39600.0,51,39.9
2019-04-07,38.5,23.6,29.9,39.9,24.6,78,24,46,16.9,34.0,89,0.0,0.0,0.0,0.0,20.52,37217.96,3,39.4
2019-04-08,37.3,23.5,30.2,39.4,24.9,71,22,43,9.8,19.2,50,0.0,0.0,0.0,0.0,23.17,41028.82,1,40.8
2019-04-09,39.5,23.2,31.0,40.8,23.9,64,15,37,10.3,19.0,24,0.0,0.0,0.0,0.0,22.24,39404.76,3,40.8
2019-04-10,38.7,24.5,31.3,40.8,24.6,72,19,39,12.3,24.4,46,0.0,0.0,0.0,0.0,21.46,37508.74,3,41.4
2019-04-11,39.7,25.7,32.5,41.4,26.9,68,18,36,12.5,22.8,21,0.0,0.0,0.0,0.0,21.33,34090.89,3,41.5
2019-04-12,40.5,24.2,32.5,41.5,23.7,53,16,30,7.7,16.3,343,0.0,0.0,0.0,0.0,23.85,39600.0,3,41.6
2019-04-13,40.7,25.1,32.9,41.6,25.2,54,15,31,11.6,21.5,339,0.0,0.0,0.0,0.0,23.05,36856.62,3,41.8
2019-04-14,40.8,25.6,33.3,41.8,24.5,39,14,26,10.5,20.8,348,0.0,0.0,0.0,0.0,23.99,41220.46,2,41.6
2019-04-15,41.2,25.2,33.5,41.6,24.0,42,15,27,9.0,17.0,303,0.0,0.0,0.0,0.0,24.04,37044.61,3,32.4
2019-04-16,33.3,23.6,29.4,32.4,25.3,64,26,40,18.1,31.5,307,0.0,0.0,0.0,0.0,11.5,16878.26,3,30.3
2019-04-17,28.9,19.6,24.6,30.3,21.1,91,45,65,13.2,25.9,135,3.0,3.0,0.0,5.0,17.47,32400.0,61,33.9
2019-04-18,31.4,19.5,25.6,33.9,21.5,96,35,62,7.9,17.2,348,0.0,0.0,0.0,0.0,22.41,41213.35,1,35.0
2019-04-19,32.9,20.8,27.0,35.0,22.1,81,30,52,8.4,16.6,313,0.0,0.0,0.0,0.0,22.72,41406.84,1,36.1
2019-04-20,34.5,20.6,27.7,36.1,22.2,77,25,48,8.6,16.8,301,0.0,0.0,0.0,0.0,24.12,42096.0,1,35.9
2019-04-21,35.8,21.2,28.9,35.9,22.2,74,22,43,10.6,21.0,289,0.0,0.0,0.0,0.0,23.08,42013.41,1,38.3
2019-04-22,37.8,22.0,30.3,38.3,22.5,63,19,38,9.8,20.6,265,0.0,0.0,0.0,0.0,21.88,41932.84,1,40.2
2019-04-23,39.7,22.1,31.4,40.2,23.0,69,16,38,10.1,19.7,41,0.0,0.0,0.0,0.0,23.85,41368.27,1,43.4
2019-04-24,40.0,25.9,32.7,43.4,27.1,67,21,43,10.2,21.5,70,0.0,0.0,0.0,0.0,23.23,40450.21,2,43.8
2019-04-25,41.0,27.2,33.9,43.8,28.7,62,21,39,7.5,15.7,61,0.0,0.0,0.0,0.0,23.1,41964.41,2,42.8
2019-04-26,42.8,26.0,34.7,42.8,27.3,58,12,31,15.0,28.2,299,0.0,0.0,0.0,0.0,23.11,41658.45,1,39.5
2019-04-27,41.7,27.2,34.7,39.5,26.8,40,12,23,14.1,26.6,315,0.0,0.0,0.0,0.0,25.06,42051.28,0,40.7
2019-04-28,42.0,26.6,34.2,40.7,26.0,40,13,24,13.3,25.7,302,0.0,0.0,0.0,0.0,25.22,42242.21,0,41.7
2019-04-29,41.8,24.2,33.6,41.7,23.3,48,11,24,7.0,13.2,321,0.0,0.0,0.0,0.0,25.29,42172.43,0,43.5
2019-04-30,43.2,24.9,34.2,43.5,24.0,43,11,25,6.9,14.3,140,0.0,0.0,0.0,0.0,24.96,41882.61,1,42.5
2019-05-01,42.9,25.6,34.2,42.5,25.6,46,11,24,12.2,21.9,260,0.0,0.0,0.0,0.0,25.12,42301.36,0,42.4
2019-05-02,41.6,26.8,34.3,42.4,25.0,45,12,25,14.3,27.1,72,0.0,0.0,0.0,0.0,23.87,41707.23,1,42.5
2019-05-03,40.2,26.5,33.4,42.5,26.4,54,22,39,16.5,30.4,49,0.0,0.0,0.0,0.0,23.15,39781.11,3,38.9
2019-05-04,38.5,27.3,32.7,38.9,29.0,68,18,42,7.7,17.7,4,0.0,0.0,0.0,0.0,21.09,40947.59,2,37.9
2019-05-05,39.8,24.8,32.5,37.9,24.1,44,10,23,12.5,24.6,301,0.0,0.0,0.0,0.0,23.02,40045.98,3,38.6
2019-05-06,42.0,25.4,33.7,38.6,22.8,28,8,17,14.2,27.5,276,0.0,0.0,0.0,0.0,25.46,42256.62,0,38.8
2019-05-07,42.2,24.5,33.2,38.8,22.4,33,10,20,16.4,31.3,280,0.0,0.0,0.0,0.0,25.27,42199.28,0,40.1
2019-05-08,43.2,27.9,35.3,40.1,24.9,25,9,18,15.5,29.3,284,0.0,0.0,0.0,0.0,25.12,42143.46,0,40.6
2019-05-09,42.6,29.6,35.6,40.6,25.9,25,11,18,13.9,27.3,278,0.0,0.0,0.0,0.0,24.85,41493.61,3,40.3
2019-05-10,42.2,29.5,35.1,40.3,25.6,30,11,19,11.4,23.0,287,0.0,0.0,0.0,0.0,24.03,41840.14,3,40.6
2019-05-11,40.8,28.5,34.6,40.6,26.8,32,15,24,13.4,27.1,252,0.0,0.0,0.0,0.0,22.54,40516.88,2,39.2
2019-05-12,39.7,27.2,33.6,39.2,25.9,38,17,27,15.0,28.9,302,0.0,0.0,0.0,0.0,21.34,40443.62,3,40.5
2019-05-13,39.8,25.8,33.5,40.5,26.2,48,17,30,11.9,20.6,280,0.0,0.0,0.0,0.0,21.82,39685.1,3,40.2
2019-05-14,38.7,27.8,32.8,40.2,28.3,47,22,34,10.4,20.1,311,0.0,0.0,0.0,0.0,22.56,39529.19,2,41.6
2019-05-15,40.2,26.2,33.1,41.6,28.2,62,20,36,10.8,21.0,342,0.0,0.0,0.0,0.0,22.73,40080.68,2,42.5
2019-05-16,39.8,26.8,33.4,42.5,27.4,53,19,35,9.3,15.4,346,0.0,0.0,0.0,0.0,22.67,39562.14,2,40.8
2019-05-17,39.7,26.4,33.5,40.8,28.3,57,20,35,13.9,26.2,320,0.0,0.0,0.0,0.0,19.52,40937.8,2,36.7
2019-05-18,37.1,27.2,32.4,36.7,27.3,50,25,36,14.1,27.5,290,0.0,0.0,0.0,0.0,24.18,41063.81,0,39.0
2019-05-19,39.0,26.2,32.8,39.0,27.7,59,19,36,9.4,20.4,309,0.0,0.0,0.0,0.0,24.25,41249.99,0,40.3
2019-05-20,40.7,25.9,33.8,40.3,25.9,47,14,28,10.6,19.9,329,0.0,0.0,0.0,0.0,24.85,41787.05,0,42.8
2019-05-21,42.2,27.0,35.3,42.8,26.2,42,17,25,9.2,18.6,322,0.0,0.0,0.0,0.0,23.28,40795.46,2,43.4
2019-05-22,41.0,29.8,35.1,43.4,29.7,40,22,30,12.3,24.4,9,0.0,0.0,0.0,0.0,20.07,39974.16,3,43.8
2019-05-23,42.3,29.8,36.2,43.8,31.5,45,19,29,11.9,26.2,330,0.0,0.0,0.0,0.0,19.74,38307.01,3,44.6
2019-05-24,42.5,29.8,36.6,44.6,30.9,41,20,29,11.0,22.4,333,0.0,0.0,0.0,0.0,21.52,38502.98,2,39.2
2019-05-25,40.3,30.3,35.1,39.2,30.9,44,16,30,14.1,27.7,318,0.0,0.0,0.0,0.0,24.43,41470.43,1,40.5
2019-05-26,41.8,27.6,35.3,40.5,27.6,44,15,26,13.7,27.3,309,0.0,0.0,0.0,0.0,24.8,41818.05,0,42.7
2019-05-27,43.0,27.5,35.7,42.7,26.8,38,13,24,9.2,19.7,306,0.0,0.0,0.0,0.0,23.48,41830.84,1,44.0
2019-05-28,43.2,30.5,36.5,44.0,29.0,35,12,21,10.4,21.0,309,0.0,0.0,0.0,0.0,23.7,42116.25,1,43.3
2019-05-29,44.0,27.6,36.1,43.3,26.7,36,11,22,10.8,22.1,301,0.0,0.0,0.0,0.0,25.17,42235.6,0,43.6
2019-05-30,44.8,27.2,36.4,43.6,26.4,43,10,21,13.4,26.6,273,0.0,0.0,0.0,0.0,24.33,42193.23,1,45.9
2019-05-31,45.0,28.8,36.7,45.9,27.7,45,11,23,9.6,17.9,330,0.0,0.0,0.0,0.0,24.16,41833.18,2,47.3
2019-06-01,44.3,30.4,36.9,47.3,33.8,58,15,36,10.7,21.5,66,0.0,0.0,0.0,0.0,23.58,40909.36,1,45.3
2019-06-02,44.7,31.4,37.6,45.3,33.3,52,14,35,11.2,20.4,92,0.0,0.0,0.0,0.0,21.44,41292.66,2,44.8
2019-06-03,42.3,30.5,36.2,44.8,33.4,60,24,41,13.0,25.3,81,0.0,0.0,0.0,0.0,24.39,42047.09,0,45.5
2019-06-04,42.0,30.2,36.3,45.5,32.0,52,26,39,10.6,21.9,75,0.0,0.0,0.0,0.0,24.38,42016.27,3,47.8
2019-06-05,43.5,31.0,37.3,47.8,34.0,53,20,37,10.7,21.3,56,0.0,0.0,0.0,0.0,22.87,40585.19,3,47.5
2019-06-06,42.7,32.2,37.7,47.5,35.8,57,20,38,11.5,19.9,90,0.0,0.0,0.0,0.0,21.03,41315.72,2,44.9
2019-06-07,41.3,30.8,36.3,44.9,33.1,58,21,39,10.1,19.5,83,0.0,0.0,0.0,0.0,23.11,41569.12,1,44.9
2019-06-08,41.8,29.9,35.8,44.9,32.7,59,19,37,8.1,18.8,40,0.0,0.0,0.0,0.0,22.2,41699.2,1,45.2
2019-06-09,44.3,28.8,37.0,45.2,29.8,46,12,27,8.9,18.1,36,0.0,0.0,0.0,0.0,23.63,42410.98,1,45.7
2019-06-10,45.8,28.8,37.6,45.7,29.5,46,11,25,8.2,17.7,289,0.0,0.0,0.0,0.0,25.17,42689.55,0,48.4
2019-06-11,44.5,30.5,37.6,48.4,33.3,62,14,35,8.8,14.8,82,0.0,0.0,0.0,0.0,23.89,42305.23,1,43.2
2019-06-12,39.4,31.5,35.3,43.2,36.1,62,36,48,9.9,17.0,72,0.0,0.0,0.0,0.0,10.08,14321.32,3,41.3
2019-06-13,37.2,28.4,33.4,41.3,33.8,79,41,55,8.7,18.8,315,1.0,1.0,0.0,2.0,14.5,22736.85,53,43.0
2019-06-14,40.3,28.6,34.7,43.0,32.8,73,27,47,9.7,20.8,264,0.0,0.0,0.0,0.0,22.44,41824.87,1,43.9
2019-06-15,42.5,31.6,37.1,43.9,34.1,56,20,37,12.5,36.5,254,0.0,0.0,0.0,0.0,22.06,40869.3,3,42.2
2019-06-16,40.5,30.9,35.4,42.2,33.9,61,30,44,17.8,30.9,274,0.2,0.2,0.0,1.0,20.99,39990.92,51,40.3
2019-06-17,38.4,28.9,33.2,40.3,32.8,77,36,55,17.0,33.3,270,0.4,0.4,0.0,2.0,19.99,39313.32,51,40.3
2019-06-18,37.0,28.3,32.1,40.3,31.8,74,40,56,10.9,23.0,283,0.0,0.0,0.0,0.0,20.99,40641.57,3,33.4
2019-06-19,29.5,26.0,27.4,33.4,30.4,89,62,76,6.7,24.6,355,11.5,11.5,0.0,13.0,8.5,5707.67,63,37.5
2019-06-20,32.7,25.0,29.0,37.5,29.9,94,52,72,9.2,19.2,354,1.3,1.3,0.0,10.0,18.74,38964.38,51,41.5
2019-06-21,36.3,26.8,31.9,41.5,31.2,78,43,59,6.1,13.9,2,0.0,0.0,0.0,0.0,21.33,37669.07,3,41.9
2019-06-22,35.8,29.2,32.1,41.9,32.5,72,54,63,11.3,21.0,73,2.4,2.4,0.0,3.0,21.23,39640.95,61,39.2
2019-06-23,34.2,27.2,30.5,39.2,32.6,87,56,71,9.2,19.5,63,1.4,1.4,0.0,8.0,18.86,39615.62,51,41.5
2019-06-24,35.4,28.5,31.6,41.5,34.2,87,54,72,7.2,17.0,75,6.1,6.1,0.0,6.0,19.07,40171.51,63,43.5
2019-06-25,37.5,29.1,33.5,43.5,35.7,84,46,63,5.9,17.7,277,2.5,2.5,0.0,2.0,21.99,42115.9,61,42.3
2019-06-26,37.3,29.6,33.6,42.3,34.4,77,47,62,10.8,21.7,256,1.0,1.0,0.0,2.0,19.26,41695.45,53,44.6
2019-06-27,40.8,29.0,35.1,44.6,34.6,81,27,53,10.8,21.3,257,1.2,1.2,0.0,2.0,22.07,38771.63,55,44.1
2019-06-28,40.7,30.8,35.5,44.1,35.2,67,25,45,10.1,20.4,274,0.0,0.0,0.0,0.0,22.6,42329.82,3,43.7
2019-06-29,42.0,31.2,36.1,43.7,34.5,61,22,42,10.3,21.5,290,0.0,0.0,0.0,0.0,22.53,42720.05,3,45.3
2019-06-30,42.0,31.8,36.3,45.3,34.2,56,26,42,10.7,21.9,269,0.0,0.0,0.0,0.0,22.72,41771.72,3,44.1
2019-07-01,39.0,29.8,34.6,44.1,34.0,74,39,53,9.4,21.3,329,0.0,0.0,0.0,0.0,21.18,40500.35,3,42.7
2019-07-02,37.3,30.3,32.5,42.7,34.7,78,48,67,11.7,23.0,67,3.7,3.7,0.0,4.0,18.28,35412.86,61,38.9
2019-07-03,33.9,27.9,30.5,38.9,33.5,89,56,75,13.1,26.8,65,16.0,16.0,0.0,18.0,15.25,22216.27,63,40.4
2019-07-04,35.7,28.0,31.6,40.4,33.0,87,50,70,10.6,23.3,59,11.3,11.3,0.0,14.0,19.8,37605.27,63,42.7
2019-07-05,36.0,27.5,30.8,42.7,33.5,94,53,78,7.8,18.1,16,9.7,9.7,0.0,11.0,18.87,37324.37,63,39.4
2019-07-06,32.4,26.2,28.8,39.4,31.7,96,70,85,7.6,15.7,7,23.6,23.6,0.0,21.0,11.96,9207.18,63,38.3
2019-07-07,31.6,25.9,28.3,38.3,32.1,98,69,86,7.3,13.9,263,7.6,7.6,0.0,12.0,10.2,1392.93,63,38.6
2019-07-08,32.5,26.2,28.4,38.6,31.8,97,70,88,8.9,18.6,265,20.6,20.6,0.0,20.0,11.63,11867.84,63,34.9
2019-07-09,29.4,25.5,27.3,34.9,30.1,97,80,90,12.9,23.7,272,26.1,26.1,0.0,24.0,9.29,4271.13,63,35.8
2019-07-10,28.7,25.5,27.2,35.8,30.8,96,87,93,9.1,18.1,245,21.1,21.1,0.0,21.0,7.24,6232.35,63,37.6
2019-07-11,32.3,26.5,29.4,37.6,31.0,91,65,78,12.1,21.7,237,9.2,9.2,0.0,12.0,8.22,154.11,61,39.4
2019-07-12,34.9,28.6,31.6,39.4,31.4,71,57,65,14.9,27.5,249,0.1,0.1,0.0,1.0,19.87,35666.01,51,39.0
2019-07-13,34.9,28.7,31.8,39.0,31.0,70,53,61,14.1,26.2,250,0.2,0.2,0.0,2.0,22.3,41551.57,51,39.2
2019-07-14,35.4,28.5,31.9,39.2,30.6,69,49,60,15.0,27.7,254,0.0,0.0,0.0,0.0,23.59,43374.99,3,39.0
2019-07-15,35.6,28.4,31.8,39.0,31.0,78,46,61,13.7,25.9,253,0.6,0.6,0.0,5.0,22.72,44511.86,51,40.6
2019-07-16,34.9,28.0,31.0,40.6,32.5,84,54,68,8.8,18.6,249,2.2,2.2,0.0,3.0,21.72,42731.3,53,41.0
2019-07-17,35.2,27.1,30.8,41.0,33.5,89,53,71,8.1,19.9,279,0.7,0.7,0.0,4.0,21.07,42910.94,51,42.8
2019-07-18,35.1,28.1,31.3,42.8,33.6,88,55,73,6.8,15.7,307,4.0,4.0,0.0,9.0,21.6,40964.45,61,43.6
2019-07-19,35.8,28.0,31.5,43.6,34.3,97,53,76,6.8,17.4,56,0.3,0.3,0.0,1.0,21.84,40643.88,51,42.9
2019-07-20,36.0,28.6,32.3,42.9,35.7,90,55,71,7.1,16.3,72,0.4,0.4,0.0,4.0,21.88,43131.85,51,43.6
2019-07-21,36.3,26.9,31.3,43.6,33.8,95,53,76,8.0,14.8,81,8.7,8.7,0.0,5.0,21.84,39075.0,63,44.2
2019-07-22,36.2,28.5,32.0,44.2,35.8,95,52,75,5.3,13.6,101,8.7,8.7,0.0,8.0,18.85,40147.9,63,43.1
2019-07-23,37.0,29.6,32.6,43.1,35.6,83,50,67,8.4,17.9,237,4.8,4.8,0.0,4.0,19.99,35446.54,63,42.8
2019-07-24,36.5,27.6,31.1,42.8,33.3,93,55,75,11.0,20.4,210,14.6,14.6,0.0,11.0,14.1,10690.04,63,37.5
2019-07-25,30.8,26.1,27.9,37.5,31.7,96,73,87,9.5,17.4,233,35.0,35.0,0.0,16.0,9.81,9806.27,63,36.1
2019-07-26,30.1,26.0,27.6,36.1,31.0,96,77,87,9.0,17.7,236,21.7,21.7,0.0,23.0,12.17,15833.23,63,38.9
2019-07-27,31.5,26.0,28.0,38.9,31.8,97,69,87,7.4,13.0,103,7.6,7.6,0.0,17.0,15.28,26946.17,63,38.1
2019-07-28,31.7,25.9,28.4,38.1,30.8,96,71,85,11.6,22.6,84,7.0,7.0,0.0,11.0,15.74,19879.03,63,36.2
2019-07-29,32.8,26.8,29.7,36.2,31.2,89,62,75,16.1,29.1,79,0.9,0.9,0.0,7.0,18.57,39013.24,51,35.9
2019-07-30,31.6,27.2,29.2,35.9,31.3,86,67,77,14.4,26.8,72,2.0,2.0,0.0,11.0,15.58,30176.21,51,39.8
2019-07-31,32.8,26.8,29.6,39.8,31.7,88,63,78,8.4,19.5,62,1.5,1.5,0.0,8.0,21.2,39964.22,51,38.3
2019-08-01,32.2,27.1,29.5,38.3,32.7,93,68,81,9.4,18.8,64,5.8,5.8,0.0,13.0,17.22,30449.3,55,38.7
2019-08-02,32.5,26.5,29.2,38.7,33.0,97,68,85,7.0,15.9,69,13.0,13.0,0.0,19.0,16.13,29680.59,63,39.4
2019-08-03,32.5,26.2,29.0,39.4,32.0,97,72,87,7.0,16.6,79,14.3,14.3,0.0,19.0,14.35,26120.54,63,40.7
2019-08-04,32.8,26.5,29.4,40.7,32.9,99,71,85,6.0,13.4,232,6.5,6.5,0.0,11.0,16.96,34255.58,61,42.8
2019-08-05,33.0,26.6,29.4,42.8,33.7,99,70,87,5.5,13.0,144,11.0,11.0,0.0,10.0,17.82,33666.79,63,39.8
2019-08-06,33.1,26.5,29.0,39.8,33.1,99,68,87,6.0,13.4,353,14.2,14.2,0.0,14.0,15.04,20545.71,63,38.6
2019-08-07,32.6,26.1,28.8,38.6,33.2,99,67,86,9.9,22.1,66,9.9,9.9,0.0,11.0,15.51,20442.62,63,35.7
2019-08-08,32.3,27.2,29.2,35.7,30.4,92,63,79,20.1,43.0,66,1.6,1.6,0.0,7.0,18.22,37867.82,53,34.9
2019-08-09,31.5,26.1,29.0,34.9,29.7,93,67,77,18.6,36.2,106,2.1,2.1,0.0,8.0,18.8,41550.32,53,39.5
2019-08-10,33.0,26.4,29.7,39.5,31.3,87,62,74,7.7,16.1,179,0.3,0.3,0.0,3.0,19.76,43396.68,51,39.3
2019-08-11,33.2,27.4,30.1,39.3,32.7,87,62,74,7.2,15.2,262,0.5,0.5,0.0,4.0,20.52,37038.25,51,38.6
2019-08-12,33.0,27.5,30.3,38.6,32.0,85,61,74,9.2,18.1,276,2.7,2.7,0.0,5.0,18.86,40511.3,61,38.3
2019-08-13,31.7,26.8,28.6,38.3,33.1,96,75,87,7.7,17.7,311,21.3,21.3,0.0,18.0,11.26,14396.97,63,38.2
2019-08-14,31.4,25.9,28.1,38.2,30.3,98,74,88,11.1,22.6,46,21.7,21.7,0.0,23.0,15.93,30251.07,63,35.4
2019-08-15,31.8,25.4,28.6,35.4,29.7,96,65,80,16.1,31.1,126,6.0,6.0,0.0,15.0,17.6,35082.85,61,37.2
2019-08-16,32.7,26.2,29.0,37.2,29.7,84,63,76,12.9,33.1,182,0.7,0.7,0.0,6.0,18.14,37607.63,51,38.0
2019-08-17,32.7,26.4,29.1,38.0,30.8,92,61,77,10.2,19.2,214,0.3,0.3,0.0,3.0,18.11,37236.5,51,38.8
2019-08-18,32.3,26.1,28.9,38.8,31.7,92,65,80,7.2,17.7,252,2.9,2.9,0.0,7.0,19.63,37952.11,61,37.4
2019-08-19,30.5,25.9,28.0,37.4,31.3,95,76,87,6.7,15.4,339,5.0,5.0,0.0,11.0,13.28,21065.41,61,39.0
2019-08-20,32.0,25.7,28.2,39.0,31.7,98,68,87,7.5,15.2,346,10.4,10.4,0.0,15.0,15.32,22316.02,61,33.9
2019-08-21,28.5,25.6,26.9,33.9,31.2,96,80,91,10.3,17.9,347,35.9,35.9,0.0,19.0,7.69,670.31,63,36.4
2019-08-22,30.6,24.8,27.2,36.4,30.2,98,73,88,7.9,17.0,342,32.9,32.9,0.0,18.0,13.59,21879.63,63,39.0
2019-08-23,32.2,24.8,28.2,39.0,30.0,98,69,87,6.9,11.4,340,16.2,16.2,0.0,17.0,15.28,25301.38,63,36.8
2019-08-24,30.1,25.2,27.4,36.8,31.1,99,77,90,5.6,16.8,36,17.7,17.7,0.0,21.0,11.55,13425.43,63,36.2
2019-08-25,30.2,25.2,27.3,36.2,30.7,97,76,89,9.3,20.1,67,18.8,18.8,0.0,18.0,11.96,16396.78,63,38.3
2019-08-26,32.5,25.4,28.6,38.3,30.3,96,66,82,12.1,28.0,83,3.6,3.6,0.0,14.0,19.01,35005.93,61,40.4
2019-08-27,33.0,26.0,29.5,40.4,31.5,93,67,81,10.8,26.6,84,1.7,1.7,0.0,7.0,20.27,39560.39,53,41.2
2019-08-28,33.2,26.0,29.6,41.2,32.7,99,67,83,7.5,21.7,115,2.8,2.8,0.0,10.0,20.7,42213.42,53,39.9
2019-08-29,32.5,26.1,29.1,39.9,32.8,97,70,86,8.1,20.8,86,5.3,5.3,0.0,10.0,17.95,35955.28,61,42.0
2019-08-30,33.3,25.9,29.4,42.0,32.9,99,67,87,6.0,17.4,70,5.9,5.9,0.0,14.0,19.4,38469.27,61,40.5
2019-08-31,33.3,26.1,29.6,40.5,32.6,99,65,85,6.5,15.2,110,7.5,7.5,0.0,16.0,16.76,35520.82,61,39.3
2019-09-01,32.0,26.5,29.3,39.3,33.5,99,74,88,8.3,16.8,89,4.8,4.8,0.0,7.0,15.75,36262.18,61,41.9
2019-09-02,34.0,26.2,30.2,41.9,32.4,98,63,83,4.6,13.0,58,4.8,4.8,0.0,6.0,20.96,41572.19,63,42.3
2019-09-03,33.8,26.0,29.4,42.3,31.7,96,63,84,7.7,16.3,297,6.8,6.8,0.0,10.0,17.45,25748.24,61,38.0
2019-09-04,32.0,26.2,29.2,38.0,32.2,99,68,84,8.4,18.8,74,10.5,10.5,0.0,16.0,16.14,36611.21,63,38.8
2019-09-05,31.9,27.0,29.0,38.8,33.1,95,73,85,11.6,23.7,71,11.2,11.2,0.0,15.0,16.26,33700.73,63,40.1
2019-09-06,32.8,26.6,29.9,40.1,33.0,97,67,82,9.2,19.2,63,5.6,5.6,0.0,9.0,20.0,40405.92,63,39.7
2019-09-07,32.3,26.5,29.4,39.7,32.0,95,75,84,9.2,19.0,67,10.6,10.6,0.0,12.0,16.1,33798.24,63,37.0
2019-09-08,31.4,27.0,28.6,37.0,33.3,95,74,87,8.8,21.0,50,9.0,9.0,0.0,11.0,11.58,15718.42,63,38.8
2019-09-09,31.9,26.5,28.5,38.8,31.6,95,75,87,10.9,23.5,47,5.1,5.1,0.0,13.0,15.91,31844.88,55,39.7
2019-09-10,32.0,25.9,28.6,39.7,31.5,97,73,87,7.7,15.7,59,10.9,10.9,0.0,15.0,15.13,28454.67,63,39.5
2019-09-11,32.6,25.9,28.9,39.5,32.1,98,70,87,6.3,15.0,45,11.1,11.1,0.0,13.0,15.01,27845.95,63,37.0
2019-09-12,30.5,25.9,27.6,37.0,31.5,98,79,90,9.6,19.7,62,22.6,22.6,0.0,18.0,9.68,8803.89,63,35.0
2019-09-13,29.2,25.3,26.7,35.0,30.3,99,80,92,7.9,15.9,64,21.5,21.5,0.0,22.0,6.8,988.05,63,37.0
2019-09-14,30.8,25.4,27.5,37.0,30.4,97,76,90,9.2,23.0,96,11.8,11.8,0.0,12.0,12.9,24408.85,63,37.8
2019-09-15,30.4,25.9,27.8,37.8,31.7,97,76,88,7.5,16.6,135,5.4,5.4,0.0,12.0,12.89,20092.69,61,39.8
2019-09-16,31.8,25.9,28.2,39.8,31.2,98,71,88,6.8,12.3,73,10.1,10.1,0.0,10.0,14.5,24325.33,63,37.3
2019-09-17,30.5,25.0,27.6,37.3,30.3,98,77,88,7.0,13.6,87,12.2,12.2,0.0,16.0,12.46,15057.25,63,34.3
2019-09-18,29.0,24.5,26.0,34.3,29.1,98,78,92,7.9,15.4,86,14.6,14.6,0.0,22.0,9.35,5544.0,61,32.9
2019-09-19,28.4,24.5,26.0,32.9,28.3,98,81,91,10.3,18.8,69,17.9,17.9,0.0,14.0,7.49,3442.05,63,38.3
2019-09-20,31.1,24.5,27.3,38.3,29.7,97,73,88,8.0,15.7,83,2.5,2.5,0.0,9.0,15.52,36000.0,55,36.3
2019-09-21,30.0,24.9,27.3,36.3,30.6,99,77,89,6.5,17.9,88,12.8,12.8,0.0,5.0,12.21,19899.96,65,34.9
2019-09-22,29.1,25.2,26.6,34.9,30.2,98,80,92,9.9,18.3,83,16.4,16.4,0.0,10.0,8.22,9400.59,65,33.6
2019-09-23,28.2,24.5,26.1,33.6,28.8,97,80,93,9.5,17.4,67,10.8,10.8,0.0,14.0,6.04,0.0,61,33.8
2019-09-24,28.4,24.1,26.1,33.8,29.4,97,82,91,9.5,19.7,72,10.2,10.2,0.0,13.0,8.9,12391.78,61,35.1
2019-09-25,30.2,24.4,26.6,35.1,28.6,96,72,88,11.2,25.7,73,11.9,11.9,0.0,20.0,11.83,20209.41,63,31.4
2019-09-26,27.0,24.4,25.3,31.4,27.8,96,83,92,12.2,21.3,120,19.7,19.7,0.0,23.0,5.24,0.0,63,34.0
2019-09-27,29.2,23.3,25.4,34.0,27.8,99,76,92,7.5,19.2,204,40.9,40.9,0.0,24.0,8.2,4836.94,63,32.3
2019-09-28,27.2,23.8,24.9,32.3,28.3,98,81,93,7.4,15.2,235,32.1,32.1,0.0,23.0,7.82,7053.63,63,33.1
2019-09-29,28.9,23.7,25.8,33.1,27.3,98,72,87,7.8,19.2,334,2.5,2.5,0.0,14.0,14.46,35400.7,51,33.1
2019-09-30,29.5,22.5,25.7,33.1,26.9,99,65,84,8.1,16.3,355,1.2,1.2,0.0,7.0,15.35,39600.0,51,35.1
2019-10-01,29.0,23.4,25.7,35.1,28.0,96,75,88,7.0,17.7,109,9.8,9.8,0.0,9.0,12.56,29739.5,63,31.4
2019-10-02,28.1,23.0,25.2,31.4,27.6,98,75,91,13.0,24.6,25,31.9,31.9,0.0,19.0,10.29,20996.47,63,36.3
2019-10-03,30.2,23.0,26.0,36.3,27.5,99,71,88,6.8,15.2,326,1.4,1.4,0.0,8.0,16.81,39600.0,51,36.5
2019-10-04,31.6,22.2,26.7,36.5,26.4,100,56,80,6.4,13.4,312,0.1,0.1,0.0,1.0,18.95,39600.0,51,36.5
2019-10-05,31.5,22.4,26.8,36.5,26.0,94,61,78,7.6,14.5,315,0.2,0.2,0.0,2.0,17.85,39600.0,51,36.5
2019-10-06,31.9,23.0,27.0,36.5,26.8,94,53,76,6.0,11.6,317,0.0,0.0,0.0,0.0,18.75,39600.0,2,36.2
2019-10-07,31.8,22.1,26.8,36.2,25.7,95,51,73,7.8,14.8,315,0.0,0.0,0.0,0.0,19.52,39600.0,2,35.8
2019-10-08,31.8,22.5,26.6,35.8,25.3,89,49,72,8.3,15.9,323,0.0,0.0,0.0,0.0,19.61,39600.0,0,36.0
2019-10-09,31.4,22.1,26.5,36.0,25.8,95,51,74,5.9,11.4,342,0.0,0.0,0.0,0.0,17.95,39600.0,1,34.6
2019-10-10,31.3,21.9,26.4,34.6,25.9,97,47,74,5.7,11.6,317,0.0,0.0,0.0,0.0,17.63,39600.0,1,35.7
2019-10-11,31.1,21.4,26.2,35.7,24.6,92,49,72,4.8,10.5,305,0.0,0.0,0.0,0.0,17.21,39600.0,2,35.3
2019-10-12,31.2,20.9,25.9,35.3,23.8,96,45,72,5.9,11.2,241,0.0,0.0,0.0,0.0,17.18,39600.0,1,34.6
2019-10-13,31.6,20.6,26.3,34.6,23.1,91,43,68,5.9,12.3,300,0.0,0.0,0.0,0.0,17.46,39600.0,1,36.2
2019-10-14,32.2,20.6,26.3,36.2,22.7,88,42,67,5.0,8.7,167,0.0,0.0,0.0,0.0,17.24,39600.0,1,34.9
2019-10-15,31.5,21.3,26.1,34.9,24.2,91,45,70,4.8,10.7,97,0.0,0.0,0.0,0.0,17.11,39600.0,2,33.4
2019-10-16,30.5,20.6,25.5,33.4,23.4,94,51,75,5.4,13.2,63,0.0,0.0,0.0,0.0,16.74,39600.0,1,32.8
2019-10-17,29.9,21.4,25.5,32.8,24.7,97,52,75,4.9,12.5,71,0.0,0.0,0.0,0.0,15.61,39582.46,2,33.8
2019-10-18,30.0,21.0,25.4,33.8,24.1,96,53,77,5.0,11.2,70,0.2,0.2,0.0,1.0,15.66,38404.13,51,34.8
2019-10-19,30.2,22.5,26.2,34.8,26.3,91,56,76,4.7,10.1,48,0.2,0.2,0.0,2.0,12.28,25481.44,51,32.8
2019-10-20,28.5,23.5,25.6,32.8,27.6,94,68,82,3.8,10.1,253,0.0,0.0,0.0,0.0,6.88,997.28,3,31.9
2019-10-21,30.2,20.8,25.2,31.9,22.2,95,42,75,7.4,14.3,288,0.0,0.0,0.0,0.0,13.43,33501.59,3,32.3
2019-10-22,30.5,19.2,24.3,32.3,20.0,86,43,68,7.1,14.8,297,0.0,0.0,0.0,0.0,18.03,38902.73,3,32.0
2019-10-23,29.5,19.6,23.8,32.0,21.8,94,48,75,5.7,11.0,250,0.0,0.0,0.0,0.0,11.34,23005.37,3,32.2
2019-10-24,29.4,17.2,22.9,32.2,18.4,99,48,76,5.1,11.9,58,0.0,0.0,0.0,0.0,17.34,39127.87,3,29.6
2019-10-25,28.1,20.1,23.7,29.6,21.3,91,55,73,7.1,15.0,74,0.0,0.0,0.0,0.0,13.22,37930.89,3,30.6
2019-10-26,29.4,19.5,24.0,30.6,21.6,93,47,75,8.5,18.1,74,0.0,0.0,0.0,0.0,14.77,38226.2,3,31.1
2019-10-27,29.0,19.9,24.3,31.1,22.6,98,46,72,3.7,9.6,273,0.0,0.0,0.0,0.0,13.74,22136.81,3,33.3
2019-10-28,30.0,20.8,25.1,33.3,23.3,89,49,71,5.5,9.2,336,0.0,0.0,0.0,0.0,14.22,30901.71,3,34.1
2019-10-29,30.2,20.9,25.0,34.1,23.5,94,52,74,5.4,8.9,10,0.0,0.0,0.0,0.0,14.4,32182.79,3,32.7
2019-10-30,30.3,20.0,25.2,32.7,22.5,91,51,72,5.9,12.5,319,0.0,0.0,0.0,0.0,14.85,32400.0,3,33.7
2019-10-31,30.6,19.9,25.2,33.7,22.0,95,49,74,5.2,11.0,289,0.0,0.0,0.0,0.0,16.36,38640.01,0,35.1
2019-11-01,31.6,19.4,25.4,35.1,21.5,96,45,73,5.2,8.3,208,0.0,0.0,0.0,0.0,16.47,38668.8,0,35.9
2019-11-02,32.5,20.0,26.1,35.9,22.1,93,41,69,4.9,10.5,119,0.0,0.0,0.0,0.0,16.15,38158.86,3,33.9
2019-11-03,30.5,22.6,25.7,33.9,26.3,94,58,77,7.0,13.9,295,0.0,0.0,0.0,0.0,8.18,15897.83,3,33.0
2019-11-04,30.5,21.8,25.4,33.0,24.5,95,50,73,9.0,16.6,285,0.0,0.0,0.0,0.0,14.69,37285.89,1,29.9
2019-11-05,29.9,18.9,23.6,29.9,18.9,93,36,67,10.8,20.8,292,0.0,0.0,0.0,0.0,16.2,38509.29,0,30.9
2019-11-06,29.8,16.6,23.1,30.9,16.9,89,36,64,5.7,9.8,274,0.0,0.0,0.0,0.0,16.03,37993.01,1,29.9
2019-11-07,29.1,17.3,22.8,29.9,18.4,93,43,70,6.9,15.0,103,0.0,0.0,0.0,0.0,12.84,34036.39,3,30.6
2019-11-08,28.6,19.3,23.5,30.6,21.0,89,50,72,5.1,12.1,58,0.1,0.1,0.0,1.0,13.8,32400.0,51,31.2
2019-11-09,28.9,18.3,23.4,31.2,20.2,94,50,74,5.1,10.5,4,0.0,0.0,0.0,0.0,14.87,37246.38,2,31.0
2019-11-10,29.5,19.0,23.2,31.0,19.8,94,36,68,7.8,15.2,322,0.0,0.0,0.0,0.0,15.25,37813.86,0,30.4
2019-11-11,29.3,16.8,22.5,30.4,17.4,93,42,68,7.1,14.5,287,0.0,0.0,0.0,0.0,15.31,37561.32,0,31.5
2019-11-12,29.8,16.7,23.1,31.5,17.8,95,43,70,5.7,10.1,302,0.0,0.0,0.0,0.0,15.17,37581.25,0,32.1
2019-11-13,29.9,18.6,23.4,32.1,20.2,97,48,75,5.7,11.0,30,0.0,0.0,0.0,0.0,14.11,32319.77,3,31.1
2019-11-14,28.9,17.8,22.4,31.1,19.1,95,48,74,6.0,10.5,30,0.0,0.0,0.0,0.0,13.45,36070.2,3,29.3
2019-11-15,28.1,15.2,21.2,29.3,16.2,98,45,74,5.9,10.5,333,0.0,0.0,0.0,0.0,15.11,37327.41,1,30.0
2019-11-16,28.4,17.0,22.4,30.0,18.6,97,52,75,5.5,11.9,293,0.0,0.0,0.0,0.0,13.25,36178.2,3,28.0
2019-11-17,29.3,18.0,22.9,28.0,18.5,90,40,66,11.7,22.1,292,0.0,0.0,0.0,0.0,14.83,37273.3,0,27.5
2019-11-18,28.0,17.0,21.6,27.5,17.2,88,40,67,7.9,16.6,304,0.0,0.0,0.0,0.0,14.71,36545.59,3,27.7
2019-11-19,27.5,15.6,21.5,27.7,16.3,94,44,68,7.2,15.0,305,0.0,0.0,0.0,0.0,14.16,35754.29,3,26.9
2019-11-20,26.6,15.8,20.3,26.9,15.7,89,40,68,5.8,10.3,358,0.0,0.0,0.0,0.0,14.61,36631.0,3,27.9
2019-11-21,27.0,14.2,20.0,27.9,13.9,93,41,70,5.7,9.2,21,0.0,0.0,0.0,0.0,14.18,35835.48,3,26.8
2019-11-22,26.4,14.0,19.7,26.8,14.2,96,48,76,5.9,11.4,316,0.0,0.0,0.0,0.0,12.24,33307.74,3,28.0
2019-11-23,27.8,13.8,20.6,28.0,14.0,96,47,73,6.4,14.1,290,0.0,0.0,0.0,0.0,14.0,35005.5,3,28.1
2019-11-24,28.6,17.3,22.0,28.1,18.4,93,41,68,7.9,15.7,293,0.0,0.0,0.0,0.0,13.05,32378.35,3,28.1
2019-11-25,27.3,17.6,21.8,28.1,18.8,93,42,69,5.4,10.3,347,0.2,0.2,0.0,1.0,11.35,27265.14,51,29.6
2019-11-26,28.3,15.1,21.4,29.6,15.5,97,47,75,5.2,10.3,61,0.0,0.0,0.0,0.0,13.77,35180.41,0,30.7
2019-11-27,29.2,17.1,22.4,30.7,18.3,94,46,74,6.1,14.3,79,0.0,0.0,0.0,0.0,12.9,34650.3,1,30.9
2019-11-28,29.8,18.1,23.2,30.9,19.5,94,45,72,9.6,16.8,85,0.0,0.0,0.0,0.0,13.13,34400.35,1,29.4
2019-11-29,28.0,17.8,21.9,29.4,19.2,95,52,76,7.8,16.8,43,0.0,0.0,0.0,0.0,12.93,34147.87,1,28.1
2019-11-30,26.4,16.8,21.0,28.1,18.1,97,57,79,6.3,15.7,333,0.1,0.1,0.0,1.0,12.66,33609.82,51,27.3
2019-12-01,26.1,15.6,20.3,27.3,16.3,98,54,78,5.2,10.7,340,0.0,0.0,0.0,0.0,13.23,34205.03,0,24.8
2019-12-02,24.1,15.6,19.3,24.8,15.4,91,56,77,5.5,12.3,335,0.3,0.3,0.0,3.0,10.03,32265.39,51,22.1
2019-12-03,23.6,11.8,16.7,22.1,11.3,96,41,72,6.6,14.8,291,0.0,0.0,0.0,0.0,13.98,34826.78,0,23.3
2019-12-04,23.7,9.8,17.2,23.3,8.8,95,41,67,5.6,10.3,320,0.0,0.0,0.0,0.0,13.98,34851.68,2,23.3
2019-12-05,23.9,11.1,16.8,23.3,10.6,96,43,73,6.1,11.0,18,0.0,0.0,0.0,0.0,13.68,34589.75,3,24.1
2019-12-06,24.0,11.3,17.2,24.1,10.4,97,48,76,5.8,10.7,4,0.0,0.0,0.0,0.0,13.21,34040.32,3,24.7
2019-12-07,24.3,14.5,18.5,24.7,14.6,92,49,75,4.6,11.0,17,0.0,0.0,0.0,0.0,10.6,25529.57,3,25.7
2019-12-08,24.6,12.6,18.6,25.7,12.1,97,49,75,5.0,10.3,7,0.0,0.0,0.0,0.0,13.11,34079.62,0,24.6
2019-12-09,24.2,12.9,18.0,24.6,12.5,96,48,76,5.5,12.1,25,0.0,0.0,0.0,0.0,13.11,33811.28,2,23.2
2019-12-10,23.3,12.7,17.1,23.2,11.9,95,51,77,5.5,11.2,328,0.0,0.0,0.0,0.0,13.13,33827.82,0,23.9
2019-12-11,23.5,11.4,17.1,23.9,10.8,99,50,76,6.0,10.5,34,0.0,0.0,0.0,0.0,12.11,29010.08,3,23.1
2019-12-12,23.8,13.4,18.1,23.1,13.3,92,53,78,9.2,17.4,96,16.4,16.4,0.0,10.0,7.99,19984.42,63,21.0
2019-12-13,20.6,16.5,18.2,21.0,16.5,97,79,91,11.4,22.6,125,18.0,18.0,0.0,17.0,7.39,24860.29,63,22.6
2019-12-14,22.1,14.9,17.9,22.6,15.2,100,60,85,6.3,13.6,29,0.0,0.0,0.0,0.0,7.15,14251.68,3,21.6
2019-12-15,21.5,13.5,16.7,21.6,13.2,98,61,84,6.0,12.8,332,0.2,0.2,0.0,1.0,10.43,32483.86,51,19.5
2019-12-16,20.5,11.4,15.5,19.5,10.6,94,53,77,5.9,13.0,318,0.0,0.0,0.0,0.0,12.82,33615.81,1,17.3
2019-12-17,19.2,10.0,13.5,17.3,8.8,95,50,79,7.0,15.4,308,0.0,0.0,0.0,0.0,13.42,34488.18,2,16.6
2019-12-18,17.6,7.5,11.5,16.6,5.8,98,54,82,5.9,14.3,310,0.0,0.0,0.0,0.0,13.51,34495.17,2,17.4
2019-12-19,18.1,7.2,11.7,17.4,5.5,100,56,84,5.9,9.2,44,0.0,0.0,0.0,0.0,13.0,33089.42,3,18.2
2019-12-20,18.6,7.4,13.0,18.2,6.1,100,57,82,5.7,10.3,297,0.0,0.0,0.0,0.0,10.86,28461.0,3,20.5
2019-12-21,21.0,9.8,14.4,20.5,8.3,100,55,83,5.6,10.7,326,0.0,0.0,0.0,0.0,12.87,34113.0,3,21.4
2019-12-22,22.1,10.4,15.3,21.4,9.5,98,49,79,5.9,11.2,311,0.0,0.0,0.0,0.0,12.99,34388.64,0,19.3
2019-12-23,20.5,8.5,13.7,19.3,6.9,96,52,80,5.9,13.2,331,0.0,0.0,0.0,0.0,13.42,34511.0,3,16.6
2019-12-24,16.4,10.6,12.9,16.6,9.2,96,73,86,5.7,10.1,23,1.9,1.9,0.0,4.0,4.35,9624.96,53,18.2
2019-12-25,19.1,7.8,12.1,18.2,6.1,100,55,87,5.6,10.5,329,0.0,0.0,0.0,0.0,11.94,28281.23,3,15.8
2019-12-26,17.9,6.3,10.7,15.8,4.3,99,48,81,6.2,13.2,315,0.0,0.0,0.0,0.0,13.89,35485.18,0,14.1
2019-12-27,15.6,5.2,9.4,14.1,3.7,100,58,85,5.7,13.4,313,0.0,0.0,0.0,0.0,12.62,32936.84,3,14.3
2019-12-28,15.3,4.4,9.0,14.3,2.2,100,62,87,5.3,9.2,314,0.0,0.0,0.0,0.0,12.05,28837.27,3,12.8
2019-12-29,14.3,4.5,8.1,12.8,1.9,100,59,87,5.8,8.9,337,0.0,0.0,0.0,0.0,11.7,26090.37,3,12.8
2019-12-30,14.6,3.7,7.5,12.8,1.4,99,65,90,6.4,12.5,62,0.0,0.0,0.0,0.0,11.57,26309.9,3,16.5
2019-12-31,17.2,3.8,9.8,16.5,0.8,100,65,88,6.5,15.7,64,0.0,0.0,0.0,0.0,12.45,30515.28,3,16.5
2020-01-01,17.8,8.4,13.0,16.5,6.7,94,70,84,8.0,15.9,71,0.2,0.2,0.0,1.0,7.5,25119.85,51,19.0
2020-01-02,18.8,11.8,15.0,19.0,10.7,95,79,90,7.2,16.1,70,13.2,13.2,0.0,15.0,8.45,28403.4,61,21.1
2020-01-03,20.5,12.7,15.6,21.1,12.4,98,69,89,5.0,11.9,9,6.7,6.7,0.0,15.0,10.09,32379.86,61,18.4
2020-01-04,18.7,10.9,14.1,18.4,10.2,100,66,90,5.9,11.6,332,0.4,0.4,0.0,3.0,7.5,17862.97,51,19.6
2020-01-05,20.5,9.0,14.0,19.6,7.5,98,56,84,5.8,13.9,268,0.0,0.0,0.0,0.0,13.58,35876.37,0,21.4
2020-01-06,21.5,8.9,15.2,21.4,7.4,98,53,80,5.3,11.4,267,0.0,0.0,0.0,0.0,13.4,35919.92,3,22.9
2020-01-07,22.9,11.4,16.6,22.9,10.5,96,52,79,8.5,14.3,92,0.0,0.0,0.0,0.0,13.45,35639.43,3,20.6
2020-01-08,19.7,12.4,15.8,20.6,12.2,100,75,91,9.9,27.3,92,10.2,10.2,0.0,9.0,8.03,23090.7,63,14.6
2020-01-09,17.4,9.7,13.4,14.6,7.7,100,58,83,12.7,22.6,304,0.2,0.2,0.0,2.0,10.25,22368.88,51,14.4
2020-01-10,16.8,7.0,10.9,14.4,4.4,95,47,78,6.9,15.7,289,0.0,0.0,0.0,0.0,14.63,36000.0,0,16.8
2020-01-11,17.8,5.1,11.0,16.8,2.8,96,56,80,5.7,13.0,263,0.0,0.0,0.0,0.0,14.46,36000.0,0,19.4
2020-01-12,20.0,5.8,12.9,19.4,4.0,100,52,79,4.7,12.1,267,0.0,0.0,0.0,0.0,14.07,35380.77,3,22.5
2020-01-13,22.6,7.2,14.8,22.5,5.6,99,53,80,6.2,11.2,125,0.0,0.0,0.0,0.0,14.3,36000.0,0,21.4
2020-01-14,20.4,12.3,16.1,21.4,11.7,97,71,87,6.2,18.8,58,3.2,3.2,0.0,11.0,8.98,34421.68,53,19.8
2020-01-15,19.2,14.2,16.4,19.8,14.9,98,78,91,6.6,15.9,27,16.7,16.7,0.0,19.0,7.49,24397.68,63,19.8
2020-01-16,18.9,14.4,16.0,19.8,13.8,96,82,91,12.8,26.4,72,28.6,28.6,0.0,21.0,5.22,11217.16,63,20.1
2020-01-17,20.7,13.4,16.5,20.1,13.0,99,61,85,8.1,16.6,295,10.1,10.1,0.0,8.0,10.88,28861.26,63,20.1
2020-01-18,20.2,10.1,14.5,20.1,9.1,100,58,86,7.1,12.3,330,0.0,0.0,0.0,0.0,13.51,34422.73,3,17.9
2020-01-19,19.7,8.9,13.7,17.9,7.8,100,54,83,8.7,18.1,296,0.0,0.0,0.0,0.0,13.0,36000.0,2,17.6
2020-01-20,18.8,7.8,13.1,17.6,6.1,97,49,76,5.1,13.0,287,0.0,0.0,0.0,0.0,15.14,36000.0,3,19.5
2020-01-21,19.8,8.3,13.5,19.5,6.9,96,56,79,5.5,11.2,77,0.0,0.0,0.0,0.0,14.47,36000.0,3,20.1
2020-01-22,20.6,8.0,13.7,20.1,6.2,96,52,79,6.0,12.8,348,0.0,0.0,0.0,0.0,15.31,36000.0,0,17.6
2020-01-23,20.1,10.2,14.3,17.6,8.4,94,45,72,11.3,21.5,289,0.0,0.0,0.0,0.0,15.83,36000.0,3,17.2
2020-01-24,19.8,8.8,13.0,17.2,6.0,90,45,70,9.7,19.5,271,0.0,0.0,0.0,0.0,16.12,36000.0,2,19.6
2020-01-25,20.5,6.2,12.6,19.6,4.0,97,47,79,6.7,12.5,288,0.0,0.0,0.0,0.0,15.76,36000.0,0,20.5
2020-01-26,21.5,7.5,13.8,20.5,5.9,97,50,79,6.3,14.1,289,0.0,0.0,0.0,0.0,15.69,36000.0,0,23.5
2020-01-27,23.1,9.7,16.2,23.5,8.2,94,50,75,6.8,11.2,121,0.0,0.0,0.0,0.0,14.49,36000.0,2,26.0
2020-01-28,24.2,14.6,18.3,26.0,13.4,91,61,78,8.3,17.0,100,0.9,0.9,0.0,1.0,12.96,34057.97,53,22.9
2020-01-29,23.2,13.6,17.4,22.9,13.3,98,46,82,9.9,18.1,305,0.3,0.3,0.0,2.0,13.11,36000.0,51,18.9
2020-01-30,20.8,10.6,14.9,18.9,9.7,98,38,73,10.1,19.2,298,0.0,0.0,0.0,0.0,15.88,36000.0,1,19.7
2020-01-31,20.9,9.2,14.7,19.7,7.3,91,41,67,6.1,13.4,304,0.0,0.0,0.0,0.0,16.54,36118.52,0,21.0
2020-02-01,21.4,8.6,14.2,21.0,6.8,93,42,72,6.0,11.0,13,0.0,0.0,0.0,0.0,15.38,36103.48,1,19.0
2020-02-02,20.5,8.1,13.6,19.0,6.2,93,41,72,7.1,15.0,309,0.0,0.0,0.0,0.0,16.95,36087.85,0,19.6
2020-02-03,20.6,7.6,13.4,19.6,5.4,96,36,70,6.2,11.0,334,0.0,0.0,0.0,0.0,17.31,36342.6,0,20.5
2020-02-04,21.8,9.2,14.7,20.5,7.6,92,46,74,5.7,12.8,55,0.0,0.0,0.0,0.0,13.84,36000.0,2,21.4
2020-02-05,22.2,9.6,15.1,21.4,7.9,92,44,72,6.8,14.1,324,0.0,0.0,0.0,0.0,17.02,36306.78,0,22.9
2020-02-06,22.3,9.4,15.1,22.9,7.9,94,47,74,6.2,10.7,48,0.0,0.0,0.0,0.0,17.09,36287.66,0,21.0
2020-02-07,21.9,10.6,15.7,21.0,9.6,94,48,72,6.9,14.1,44,0.0,0.0,0.0,0.0,14.32,36000.0,2,20.2
2020-02-08,21.1,9.3,14.5,20.2,7.8,94,39,70,7.5,15.4,336,0.0,0.0,0.0,0.0,17.37,36515.71,0,21.7
2020-02-09,21.7,8.3,14.9,21.7,6.3,95,43,71,6.3,10.5,331,0.0,0.0,0.0,0.0,17.73,36493.98,0,21.6
2020-02-10,22.4,8.2,14.8,21.6,6.3,95,37,71,6.5,12.3,306,0.0,0.0,0.0,0.0,18.17,36739.12,3,22.5
2020-02-11,22.8,8.6,15.1,22.5,6.5,93,37,68,6.7,10.1,322,0.0,0.0,0.0,0.0,18.25,36715.7,0,23.5
2020-02-12,24.4,8.9,16.2,23.5,7.3,94,40,70,6.6,15.2,280,0.0,0.0,0.0,0.0,18.05,36691.76,3,25.6
2020-02-13,27.8,13.1,19.6,25.6,11.6,87,35,60,12.9,24.6,275,0.0,0.0,0.0,0.0,18.0,36667.29,1,24.4
2020-02-14,26.9,14.8,20.1,24.4,13.1,78,35,55,13.5,25.1,286,0.0,0.0,0.0,0.0,18.11,36908.03,3,23.0
2020-02-15,25.2,12.5,17.9,23.0,10.6,78,29,57,9.3,19.5,274,0.0,0.0,0.0,0.0,18.34,36882.26,3,25.1
2020-02-16,26.7,11.8,18.1,25.1,10.0,78,30,58,8.7,17.9,296,0.0,0.0,0.0,0.0,19.0,37385.59,3,25.4
2020-02-17,27.2,10.6,18.1,25.4,9.1,92,26,62,8.1,16.8,290,0.0,0.0,0.0,0.0,19.25,37358.26,0,25.1
2020-02-18,27.6,11.6,18.6,25.1,10.3,90,23,59,9.5,19.0,277,0.0,0.0,0.0,0.0,19.56,37594.51,1,28.6
2020-02-19,28.1,10.8,20.0,28.6,9.5,92,33,58,6.9,12.5,104,0.0,0.0,0.0,0.0,17.7,32453.3,3,27.7
2020-02-20,28.8,16.3,21.9,27.7,14.3,73,37,53,11.7,19.5,101,0.0,0.0,0.0,0.0,14.8,33944.66,3,25.7
2020-02-21,25.0,17.6,20.4,25.7,16.4,94,63,76,12.8,31.8,107,14.7,14.7,0.0,12.0,13.87,36458.65,63,25.6
2020-02-22,24.9,15.9,19.9,25.6,16.3,96,51,77,9.2,16.1,45,0.0,0.0,0.0,0.0,13.46,34155.47,3,28.0
2020-02-23,26.0,14.6,20.1,28.0,15.1,100,49,77,5.7,10.5,348,0.0,0.0,0.0,0.0,17.79,36710.93,3,27.3
2020-02-24,25.8,15.9,20.5,27.3,16.8,98,53,77,7.2,18.6,341,0.9,0.9,0.0,4.0,16.47,37684.32,51,26.6
2020-02-25,25.8,14.6,19.4,26.6,15.1,99,45,77,10.6,20.8,337,0.1,0.1,0.0,1.0,17.88,37922.14,51,25.0
2020-02-26,25.0,12.9,18.7,25.0,13.2,100,45,77,6.1,14.3,20,0.4,0.4,0.0,3.0,16.79,31905.46,51,28.6
2020-02-27,26.6,13.8,19.8,28.6,13.7,96,41,70,5.7,12.8,101,0.0,0.0,0.0,0.0,19.41,36289.97,3,29.1
2020-02-28,27.9,15.4,21.4,29.1,15.2,91,42,66,6.9,15.7,96,0.0,0.0,0.0,0.0,18.19,30883.52,3,29.1
2020-02-29,27.6,17.2,22.2,29.1,17.5,85,49,67,7.2,15.2,95,0.0,0.0,0.0,0.0,14.38,29734.04,3,32.1
2020-03-01,29.4,17.2,22.5,32.1,17.9,90,45,69,7.9,17.4,104,0.5,0.5,0.0,2.0,19.22,38970.12,51,31.5
2020-03-02,28.4,16.6,22.2,31.5,17.9,97,48,75,4.7,13.2,21,0.0,0.0,0.0,0.0,18.33,39021.72,1,31.0
2020-03-03,28.5,17.6,22.9,31.0,18.5,90,45,69,4.3,11.2,46,0.0,0.0,0.0,0.0,17.45,37571.84,2,29.7
2020-03-04,28.0,17.5,22.1,29.7,18.0,87,45,69,7.4,15.7,85,0.2,0.2,0.0,1.0,16.33,39334.03,51,30.3
2020-03-05,28.2,17.0,21.9,30.3,17.2,92,42,69,12.4,24.4,69,0.0,0.0,0.0,0.0,19.06,39541.22,1,30.3
2020-03-06,29.5,18.3,22.5,30.3,18.3,85,33,67,20.0,37.1,119,0.2,0.2,0.0,2.0,17.81,35784.27,51,27.6
2020-03-07,27.5,17.0,21.5,27.6,16.8,91,32,62,9.3,18.8,293,0.0,0.0,0.0,0.0,18.84,40177.32,2,26.0
2020-03-08,26.5,14.5,19.8,26.0,14.8,99,37,70,10.0,19.9,319,0.0,0.0,0.0,0.0,20.13,32968.16,3,25.1
2020-03-09,27.3,14.1,19.6,25.1,12.7,79,24,54,10.2,20.6,290,0.0,0.0,0.0,0.0,22.12,40664.63,3,25.3
2020-03-10,25.5,13.8,19.5,25.3,12.0,82,42,64,6.5,10.7,48,0.2,0.2,0.0,2.0,11.21,31649.19,51,30.6
2020-03-11,29.2,17.6,22.4,30.6,17.6,92,40,73,8.6,18.3,117,1.5,1.5,0.0,6.0,17.86,39528.28,53,33.1
2020-03-12,29.5,17.6,23.6,33.1,19.2,99,44,75,7.4,16.1,111,0.2,0.2,0.0,1.0,19.06,40614.91,51,29.3
2020-03-13,27.5,18.4,22.4,29.3,20.0,94,34,73,10.1,28.2,94,1.4,1.4,0.0,3.0,16.74,39600.0,55,28.8
2020-03-14,27.8,16.7,21.2,28.8,18.3,100,32,74,6.2,15.0,12,0.0,0.0,0.0,0.0,18.97,30899.96,3,27.1
2020-03-15,24.9,15.4,20.4,27.1,15.9,98,54,78,6.9,15.2,35,0.6,0.6,0.0,3.0,15.3,33995.37,51,27.1
2020-03-16,26.2,15.0,20.5,27.1,15.4,97,38,66,7.5,15.0,319,0.0,0.0,0.0,0.0,19.48,39600.0,3,29.0
2020-03-17,28.1,14.2,21.1,29.0,14.0,89,35,62,5.6,13.6,305,0.0,0.0,0.0,0.0,22.44,41047.65,3,30.5
2020-03-18,30.5,14.9,22.5,30.5,14.7,91,29,59,8.0,16.6,291,0.0,0.0,0.0,0.0,22.54,41032.67,0,33.3
2020-03-19,32.2,16.2,23.8,33.3,15.8,83,20,51,9.0,17.4,303,0.0,0.0,0.0,0.0,20.68,40762.55,3,33.9
2020-03-20,33.5,16.7,24.4,33.9,16.3,84,24,52,9.5,16.3,171,0.0,0.0,0.0,0.0,20.39,37245.91,3,31.1
2020-03-21,29.0,19.3,23.7,31.1,19.2,73,43,58,9.0,19.2,141,1.2,1.2,0.0,3.0,19.14,36527.84,53,34.1
2020-03-22,31.9,17.5,24.8,34.1,18.5,91,29,55,6.8,13.9,185,0.0,0.0,0.0,0.0,21.54,40975.32,2,34.5
2020-03-23,33.3,17.8,25.2,34.5,17.6,81,25,51,8.1,16.1,324,0.0,0.0,0.0,0.0,22.0,40450.98,2,36.4
2020-03-24,33.2,20.0,26.6,36.4,20.5,76,32,51,5.8,13.2,47,0.0,0.0,0.0,0.0,21.23,40182.1,3,35.2
2020-03-25,34.0,20.8,27.8,35.2,21.7,75,27,47,8.9,18.3,299,0.0,0.0,0.0,0.0,21.13,40424.05,3,35.8
2020-03-26,34.5,23.4,28.4,35.8,22.5,70,29,44,10.0,19.2,312,0.0,0.0,0.0,0.0,20.78,36158.32,3,29.3
2020-03-27,29.0,21.2,24.4,29.3,21.9,91,45,65,16.1,30.2,327,1.0,1.0,0.0,3.0,18.28,38063.3,51,32.7
2020-03-28,31.4,19.4,24.7,32.7,21.1,95,35,64,9.2,19.5,311,0.0,0.0,0.0,0.0,23.27,41406.8,1,31.0
2020-03-29,32.1,18.8,25.3,31.0,18.9,77,25,45,11.6,22.8,306,0.0,0.0,0.0,0.0,23.72,41649.89,0,31.9
2020-03-30,32.9,17.9,25.5,31.9,17.3,67,24,42,11.3,22.4,313,0.0,0.0,0.0,0.0,23.94,41637.6,0,35.3
2020-03-31,34.2,18.4,26.2,35.3,17.5,64,27,45,6.6,14.3,318,0.0,0.0,0.0,0.0,23.54,41625.47,2,37.9
2020-04-01,35.0,19.7,27.9,37.9,20.0,72,27,46,5.3,11.2,335,0.0,0.0,0.0,0.0,22.44,40589.75,2,34.3
2020-04-02,34.0,20.6,27.2,34.3,20.7,62,19,40,11.5,21.9,313,0.0,0.0,0.0,0.0,24.02,42113.66,0,32.1
2020-04-03,33.4,19.5,26.0,32.1,18.4,57,17,36,10.1,21.0,313,0.0,0.0,0.0,0.0,24.61,42102.14,0,32.8
2020-04-04,33.9,17.8,25.5,32.8,15.8,55,18,37,9.2,19.9,306,0.0,0.0,0.0,0.0,24.69,42090.87,0,35.7
2020-04-05,35.1,18.9,26.8,35.7,18.0,62,20,39,8.8,17.4,328,0.0,0.0,0.0,0.0,24.22,41823.26,0,37.3
2020-04-06,36.4,21.1,28.3,37.3,20.1,68,19,36,7.9,15.4,338,0.0,0.0,0.0,0.0,23.86,42068.97,1,37.5
2020-04-07,37.3,21.0,29.3,37.5,20.4,53,14,31,8.3,14.8,321,0.0,0.0,0.0,0.0,24.57,42058.34,2,37.4
2020-04-08,36.0,21.8,28.8,37.4,20.9,52,18,32,13.8,27.3,9,0.0,0.0,0.0,0.0,21.38,41691.04,3,36.8
2020-04-09,36.1,20.8,28.5,36.8,20.1,55,17,34,9.6,18.3,326,0.0,0.0,0.0,0.0,24.66,42295.01,3,36.4
2020-04-10,36.3,20.2,28.4,36.4,19.2,62,18,36,9.3,18.3,328,0.0,0.0,0.0,0.0,24.61,42027.58,2,38.7
2020-04-11,38.0,20.8,29.4,38.7,19.9,58,15,34,10.5,20.4,228,0.0,0.0,0.0,0.0,21.86,42017.65,2,37.3
2020-04-12,37.8,21.1,29.7,37.3,20.5,57,18,34,10.3,20.4,313,0.0,0.0,0.0,0.0,24.72,42265.96,2,39.6
2020-04-13,38.5,22.0,30.4,39.6,21.5,52,19,36,9.1,18.6,286,0.0,0.0,0.0,0.0,24.05,42256.61,2,41.5
2020-04-14,39.0,23.9,31.2,41.5,24.1,55,19,38,10.9,23.9,353,0.0,0.0,0.0,0.0,22.94,40954.19,3,41.1
2020-04-15,38.7,25.2,31.2,41.1,26.2,60,21,41,14.1,27.5,136,0.0,0.0,0.0,0.0,19.69,38808.93,3,41.0
2020-04-16,39.8,25.0,31.6,41.0,23.7,45,17,31,9.6,18.1,311,0.0,0.0,0.0,0.0,24.39,42553.89,3,40.4
2020-04-17,38.2,24.8,32.0,40.4,25.2,62,23,37,7.9,31.1,14,0.0,0.0,0.0,0.0,22.08,38276.39,3,39.8
2020-04-18,38.7,24.5,31.1,39.8,25.5,70,17,39,11.0,22.1,120,0.0,0.0,0.0,0.0,22.38,40393.41,2,38.1
2020-04-19,39.0,24.0,31.7,38.1,23.4,49,16,30,13.7,25.9,282,0.0,0.0,0.0,0.0,23.85,41107.48,3,36.7
2020-04-20,34.8,24.5,30.0,36.7,24.8,64,28,41,10.1,18.3,45,0.8,0.8,0.0,1.0,18.42,38445.54,53,37.7
2020-04-21,34.5,23.5,29.0,37.7,23.1,65,30,45,9.7,17.7,57,0.0,0.0,0.0,0.0,22.22,40767.6,3,36.5
2020-04-22,35.2,23.9,29.5,36.5,24.9,64,23,43,8.6,16.6,112,0.0,0.0,0.0,0.0,20.52,41386.72,3,35.2
2020-04-23,34.5,23.7,28.8,35.2,24.4,60,25,43,8.6,19.5,42,0.2,0.2,0.0,1.0,17.72,36338.55,51,38.1
2020-04-24,36.5,23.1,29.5,38.1,24.1,65,24,43,7.1,16.1,348,0.0,0.0,0.0,0.0,22.48,41485.23,3,37.0
2020-04-25,35.0,24.6,30.0,37.0,25.2,60,31,43,10.1,19.9,77,0.2,0.2,0.0,1.0,19.91,40117.31,51,36.7
2020-04-26,33.9,24.6,29.1,36.7,26.8,71,34,55,13.2,32.0,67,0.9,0.9,0.0,2.0,20.68,41053.62,53,36.5
2020-04-27,33.3,23.0,28.6,36.5,25.1,80,38,58,9.9,19.7,66,0.0,0.0,0.0,0.0,22.82,41313.26,3,37.4
2020-04-28,34.3,23.4,28.4,37.4,26.3,83,35,60,10.4,22.6,40,0.0,0.0,0.0,0.0,22.61,41250.62,2,37.9
2020-04-29,34.0,24.0,29.3,37.9,27.0,86,38,58,9.2,15.7,61,0.0,0.0,0.0,0.0,22.07,41189.38,1,40.6
2020-04-30,36.5,25.7,30.9,40.6,27.8,67,34,50,9.0,15.4,82,0.0,0.0,0.0,0.0,22.9,38456.24,3,41.6
2020-05-01,38.5,25.1,31.1,41.6,28.0,72,20,50,14.2,27.3,77,0.0,0.0,0.0,0.0,22.13,41375.91,2,40.1
2020-05-02,37.1,24.5,30.8,40.1,27.6,79,34,54,10.6,19.7,74,0.0,0.0,0.0,0.0,24.11,41065.16,1,41.1
2020-05-03,38.0,24.6,31.6,41.1,27.6,89,31,49,10.7,28.0,80,4.6,4.6,0.0,1.0,23.91,40801.41,63,38.8
2020-05-04,35.0,24.8,29.6,38.8,27.6,83,41,61,14.4,25.3,57,0.1,0.1,0.0,1.0,21.89,40904.36,51,37.0
2020-05-05,33.8,24.8,28.2,37.0,27.9,82,44,65,14.3,30.4,347,1.0,1.0,0.0,5.0,20.52,38951.91,53,39.6
2020-05-06,36.2,22.7,29.0,39.6,26.5,96,29,58,9.2,24.6,115,0.2,0.2,0.0,1.0,22.49,40893.09,51,39.6
2020-05-07,36.5,23.4,29.9,39.6,25.4,76,30,54,7.6,16.3,39,0.0,0.0,0.0,0.0,23.64,41687.16,1,42.1
2020-05-08,39.5,24.7,32.1,42.1,27.6,78,21,46,9.1,16.6,102,0.0,0.0,0.0,0.0,23.44,41037.59,2,42.7
2020-05-09,39.6,26.2,32.2,42.7,28.6,71,20,48,21.0,36.7,75,0.0,0.0,0.0,0.0,23.58,39822.23,3,42.9
2020-05-10,38.1,25.8,30.4,42.9,25.3,76,32,60,23.6,39.1,91,0.1,0.1,0.0,1.0,20.94,39786.51,51,40.7
2020-05-11,37.0,23.3,30.2,40.7,26.6,90,32,57,8.1,14.5,64,0.0,0.0,0.0,0.0,24.16,40697.09,3,40.5
2020-05-12,37.6,26.5,31.2,40.5,30.3,73,27,55,7.1,15.9,52,0.0,0.0,0.0,0.0,20.87,31297.27,3,42.3
2020-05-13,38.4,25.2,31.9,42.3,29.1,81,30,54,10.6,23.3,32,0.0,0.0,0.0,0.0,21.89,39975.51,3,43.0
2020-05-14,39.1,25.7,32.5,43.0,30.1,84,29,53,7.6,14.3,31,0.0,0.0,0.0,0.0,23.58,40821.23,1,42.3
2020-05-15,37.5,27.0,32.5,42.3,31.0,76,34,52,6.9,21.5,171,0.0,0.0,0.0,0.0,21.0,40828.64,2,41.1
2020-05-16,39.4,27.5,33.6,41.1,29.3,59,21,36,9.6,19.2,308,0.0,0.0,0.0,0.0,22.28,41018.54,1,42.2
2020-05-17,40.0,25.5,33.9,42.2,27.0,58,19,33,6.0,10.7,327,0.0,0.0,0.0,0.0,23.45,41323.63,1,42.8
2020-05-18,40.1,27.1,33.8,42.8,28.1,51,17,34,7.6,16.3,354,0.0,0.0,0.0,0.0,20.22,40728.99,1,40.6
2020-05-19,40.3,24.8,32.8,40.6,25.1,62,14,33,7.0,13.9,306,0.0,0.0,0.0,0.0,23.97,40562.6,3,40.5
2020-05-20,40.0,25.0,32.0,40.5,25.9,58,13,38,9.8,17.4,27,0.0,0.0,0.0,0.0,24.53,41920.09,3,39.0
2020-05-21,40.1,24.2,32.4,39.0,23.9,50,14,29,10.4,21.5,290,0.0,0.0,0.0,0.0,25.21,42269.37,0,42.2
2020-05-22,42.6,23.8,33.5,42.2,23.1,46,13,29,8.1,16.1,260,0.0,0.0,0.0,0.0,25.14,42210.96,0,43.2
2020-05-23,42.2,25.5,34.2,43.2,27.3,64,18,40,7.6,15.4,77,0.0,0.0,0.0,0.0,24.52,41074.38,1,44.5
2020-05-24,43.0,29.2,36.3,44.5,32.5,69,15,37,12.5,24.6,255,0.0,0.0,0.0,0.0,21.47,41537.75,2,44.2
2020-05-25,43.8,27.7,35.8,44.2,27.8,41,15,27,10.2,20.4,279,0.0,0.0,0.0,0.0,24.59,41885.13,2,42.9
2020-05-26,44.0,28.6,36.5,42.9,27.8,38,14,24,15.8,29.1,275,0.0,0.0,0.0,0.0,21.15,41117.62,2,44.4
2020-05-27,43.8,31.5,36.8,44.4,29.7,45,15,27,16.3,32.9,250,0.0,0.0,0.0,0.0,21.0,38507.22,2,43.0
2020-05-28,39.2,28.5,33.5,43.0,31.5,73,34,50,12.7,24.2,93,0.1,0.1,0.0,1.0,23.8,40904.47,51,41.1
2020-05-29,37.8,27.0,32.6,41.1,28.6,70,34,50,14.2,26.2,83,0.0,0.0,0.0,0.0,23.16,40386.48,1,40.7
2020-05-30,36.2,27.5,31.2,40.7,30.0,75,43,58,16.3,28.9,56,0.0,0.0,0.0,0.0,21.28,34343.93,3,39.7
2020-05-31,35.7,25.6,30.5,39.7,30.1,87,41,62,10.8,19.5,27,0.0,0.0,0.0,0.0,20.74,40340.53,3,40.2
2020-06-01,36.7,25.9,31.2,40.2,30.9,88,31,58,9.0,18.6,4,0.0,0.0,0.0,0.0,21.16,40592.46,3,39.4
2020-06-02,34.8,26.6,30.8,39.4,31.0,77,42,60,5.2,13.4,246,0.0,0.0,0.0,0.0,15.22,20097.8,3,38.4
2020-06-03,35.5,27.9,31.3,38.4,30.9,70,40,55,7.4,17.4,214,0.1,0.1,0.0,1.0,12.51,12299.92,51,32.6
2020-06-04,30.2,22.4,25.7,32.6,24.4,92,53,79,10.9,19.2,81,30.9,30.9,0.0,18.0,5.28,1126.55,63,32.3
2020-06-05,30.1,22.6,25.5,32.3,25.1,95,56,79,10.3,19.9,359,3.5,3.5,0.0,10.0,13.77,18807.16,55,37.4
2020-06-06,32.3,21.8,27.3,37.4,25.7,95,53,72,5.9,15.0,84,0.0,0.0,0.0,0.0,23.17,41118.46,2,40.1
2020-06-07,33.2,25.0,29.2,40.1,28.9,81,55,69,4.8,13.2,150,0.0,0.0,0.0,0.0,14.79,23150.2,3,42.1
2020-06-08,35.7,26.4,31.2,42.1,31.2,88,47,64,5.0,13.4,260,0.0,0.0,0.0,0.0,22.39,41534.16,1,43.2
2020-06-09,37.5,28.0,32.5,43.2,31.5,70,37,56,6.0,13.4,269,0.0,0.0,0.0,0.0,21.97,41897.98,1,42.9
2020-06-10,38.4,26.9,33.1,42.9,31.0,75,35,55,7.4,15.4,353,0.0,0.0,0.0,0.0,22.46,42013.07,1,42.2
2020-06-11,37.0,29.1,33.1,42.2,33.9,75,45,60,9.0,19.5,69,0.1,0.1,0.0,1.0,21.21,41042.0,51,42.2
2020-06-12,36.7,29.1,33.2,42.2,34.9,80,47,61,8.1,16.3,70,0.6,0.6,0.0,3.0,21.03,41401.82,51,42.0
2020-06-13,36.5,29.8,33.3,42.0,34.5,74,47,60,8.8,18.3,81,0.1,0.1,0.0,1.0,20.72,39492.12,51,40.5
2020-06-14,35.2,29.5,31.9,40.5,34.3,88,55,70,8.0,19.5,70,3.3,3.3,0.0,6.0,18.82,39528.43,61,41.4
2020-06-15,35.8,27.9,31.2,41.4,35.2,94,51,75,6.9,18.3,55,6.8,6.8,0.0,11.0,19.6,37520.88,61,41.9
2020-06-16,37.0,27.1,31.7,41.9,33.0,94,42,69,11.4,20.1,40,0.3,0.3,0.0,2.0,21.42,41429.96,51,42.2
2020-06-17,35.3,26.8,31.0,42.2,32.4,89,48,71,9.9,20.4,51,0.0,0.0,0.0,0.0,16.38,26485.87,3,41.2
2020-06-18,34.9,27.9,30.8,41.2,34.1,91,56,74,8.6,24.2,81,4.9,4.9,0.0,2.0,16.29,28376.64,63,43.1
2020-06-19,37.2,27.6,32.0,43.1,33.5,88,48,67,11.8,23.3,75,0.1,0.1,0.0,1.0,21.24,38995.14,51,41.9
2020-06-20,38.0,27.2,31.8,41.9,32.9,90,42,66,13.7,30.4,9,0.8,0.8,0.0,3.0,20.77,40427.73,51,38.0
2020-06-21,34.2,27.0,30.0,38.0,31.9,85,53,71,9.4,21.5,44,0.3,0.3,0.0,2.0,16.08,34351.59,51,37.5
2020-06-22,32.7,26.9,29.7,37.5,32.4,88,60,75,9.8,19.5,51,4.0,4.0,0.0,12.0,15.27,31483.95,61,37.8
2020-06-23,32.3,26.0,28.3,37.8,31.5,95,65,85,8.2,18.8,63,13.9,13.9,0.0,17.0,12.53,9588.27,63,40.2
2020-06-24,33.0,25.6,29.1,40.2,31.6,98,64,82,4.5,11.0,75,16.7,16.7,0.0,15.0,15.0,22456.72,63,38.5
2020-06-25,32.8,26.8,28.7,38.5,33.0,95,67,85,10.1,23.3,256,14.2,14.2,0.0,16.0,12.63,10812.62,63,42.3
2020-06-26,36.6,27.0,30.4,42.3,32.5,91,51,76,13.2,24.8,237,6.4,6.4,0.0,12.0,19.85,36582.35,53,39.4
2020-06-27,35.1,27.9,30.9,39.4,32.7,87,57,74,12.6,24.8,244,5.9,5.9,0.0,10.0,17.82,38626.99,61,42.2
2020-06-28,37.2,27.8,31.6,42.2,32.1,86,49,70,14.8,26.8,237,3.7,3.7,0.0,8.0,20.13,38021.35,61,40.1
2020-06-29,34.2,27.6,29.9,40.1,33.4,90,60,78,9.3,22.8,170,6.7,6.7,0.0,6.0,11.83,10927.53,63,39.3
2020-06-30,33.0,26.5,29.5,39.3,32.3,97,60,79,5.2,20.8,67,2.9,2.9,0.0,12.0,17.17,34913.69,53,41.5
2020-07-01,34.0,27.4,30.5,41.5,34.4,95,62,78,7.8,17.0,105,1.6,1.6,0.0,5.0,19.14,42431.77,53,42.0
2020-07-02,35.2,28.0,31.5,42.0,35.7,95,59,78,6.8,20.6,197,2.6,2.6,0.0,8.0,18.39,41872.56,53,44.6
2020-07-03,36.7,27.2,31.2,44.6,32.4,95,55,79,13.2,25.3,101,14.3,14.3,0.0,14.0,20.11,33526.37,63,38.7
2020-07-04,32.5,26.1,29.1,38.7,32.1,98,69,86,10.1,17.7,84,31.9,31.9,0.0,16.0,12.97,14211.37,63,38.4
2020-07-05,32.6,26.4,28.9,38.4,32.0,97,67,85,8.5,17.0,101,8.6,8.6,0.0,13.0,15.2,22812.79,61,36.0
2020-07-06,29.7,25.6,27.0,36.0,31.3,98,78,92,5.3,15.0,56,56.3,56.3,0.0,22.0,5.99,0.0,63,36.3
2020-07-07,30.5,25.5,27.6,36.3,31.7,98,71,88,4.9,9.4,134,22.8,22.8,0.0,17.0,8.57,331.22,63,40.5
2020-07-08,33.0,26.1,29.5,40.5,32.5,97,67,83,5.4,16.1,208,6.8,6.8,0.0,9.0,16.65,27805.42,63,39.8
2020-07-09,33.9,27.1,30.2,39.8,33.5,94,62,81,9.7,22.1,250,16.8,16.8,0.0,16.0,17.05,23999.17,63,35.6
2020-07-10,30.7,26.9,28.5,35.6,31.6,92,75,84,14.2,26.2,235,14.0,14.0,0.0,13.0,10.22,1005.25,63,39.9
2020-07-11,33.8,26.9,30.4,39.9,30.8,83,62,74,13.0,25.5,244,4.5,4.5,0.0,5.0,19.73,36674.89,63,40.2
2020-07-12,34.5,28.7,31.1,40.2,32.1,80,59,71,12.9,24.8,249,0.1,0.1,0.0,1.0,20.79,43350.46,51,40.1
2020-07-13,33.5,27.2,30.6,40.1,32.5,90,65,76,11.3,21.3,260,0.9,0.9,0.0,7.0,16.51,33164.94,51,41.7
2020-07-14,34.2,26.4,30.1,41.7,32.5,96,60,79,6.3,14.8,202,20.1,20.1,0.0,6.0,17.83,25200.0,63,39.3
2020-07-15,32.8,27.0,29.6,39.3,33.9,98,64,82,7.7,15.4,90,1.7,1.7,0.0,8.0,18.45,41387.05,53,39.8
2020-07-16,33.5,26.0,29.8,39.8,31.2,95,64,80,8.9,17.7,99,8.5,8.5,0.0,11.0,19.26,37443.5,63,42.2
2020-07-17,34.3,27.6,30.8,42.2,34.1,93,64,78,8.7,17.2,101,2.2,2.2,0.0,11.0,21.23,42803.89,51,42.5
2020-07-18,34.7,27.3,31.3,42.5,34.4,95,61,77,7.1,12.1,184,2.2,2.2,0.0,8.0,19.51,41674.6,53,41.5
2020-07-19,35.3,27.8,31.1,41.5,34.7,94,59,77,11.5,21.9,241,8.4,8.4,0.0,7.0,17.52,28948.87,61,37.3
2020-07-20,32.2,26.8,29.4,37.3,31.4,92,68,81,12.1,25.3,248,12.0,12.0,0.0,19.0,15.4,23767.66,61,38.6
2020-07-21,32.5,26.1,28.8,38.6,31.7,94,66,83,9.7,21.0,248,18.4,18.4,0.0,18.0,16.92,27267.43,63,40.6
2020-07-22,33.9,26.2,29.2,40.6,32.0,95,62,82,8.7,19.2,263,6.1,6.1,0.0,7.0,17.43,29320.9,61,39.0
2020-07-23,33.8,26.8,30.0,39.0,32.0,90,54,74,9.2,18.3,291,0.6,0.6,0.0,4.0,23.19,42336.61,51,41.6
2020-07-24,33.8,26.9,30.1,41.6,32.8,90,59,76,7.9,13.6,85,0.3,0.3,0.0,3.0,21.56,41012.03,51,40.9
2020-07-25,33.4,27.0,29.5,40.9,33.2,94,62,82,8.1,17.0,115,9.6,9.6,0.0,6.0,16.9,31804.65,63,42.1
2020-07-26,34.2,26.6,30.4,42.1,33.1,95,59,78,5.2,11.6,231,0.6,0.6,0.0,5.0,21.18,41945.91,51,41.0
2020-07-27,34.5,28.6,31.5,41.0,33.3,81,60,70,9.8,21.7,250,0.9,0.9,0.0,6.0,20.53,38645.32,51,39.7
2020-07-28,33.2,27.9,30.0,39.7,33.7,94,66,81,9.5,19.9,248,14.7,14.7,0.0,19.0,15.24,24514.98,63,37.8
2020-07-29,30.8,26.7,28.2,37.8,33.0,98,75,89,6.0,12.8,202,30.8,30.8,0.0,24.0,10.58,12270.55,65,36.4
2020-07-30,30.2,26.1,27.4,36.4,31.9,98,75,91,6.2,11.9,234,27.8,27.8,0.0,18.0,5.68,0.0,63,41.4
2020-07-31,32.7,26.0,29.2,41.4,32.5,98,70,85,5.8,17.9,180,12.5,12.5,0.0,7.0,16.12,24641.93,65,40.4
2020-08-01,32.5,27.0,29.1,40.4,33.6,97,71,87,5.8,13.0,209,12.7,12.7,0.0,15.0,14.01,13719.24,63,42.2
2020-08-02,33.9,26.6,29.9,42.2,33.0,96,68,83,6.8,18.3,260,8.6,8.6,0.0,5.0,19.28,34753.03,63,39.4
2020-08-03,33.3,26.4,29.2,39.4,32.8,95,68,84,8.6,20.4,266,19.2,19.2,0.0,15.0,14.58,20813.37,63,39.6
2020-08-04,32.2,26.0,28.9,39.6,32.0,96,70,85,8.2,17.4,272,17.0,17.0,0.0,17.0,16.98,37440.02,63,37.9
2020-08-05,33.3,26.5,29.3,37.9,33.4,99,62,84,13.1,29.1,73,2.4,2.4,0.0,12.0,17.4,25200.0,53,35.6
2020-08-06,31.4,26.6,28.5,35.6,30.6,93,74,84,20.6,36.7,95,12.7,12.7,0.0,17.0,14.46,30152.56,63,39.8
2020-08-07,33.1,26.6,29.5,39.8,31.6,92,65,80,9.7,19.5,123,1.8,1.8,0.0,3.0,20.53,38685.21,61,40.1
2020-08-08,32.5,27.1,29.5,40.1,32.9,95,69,84,8.7,15.2,233,10.0,10.0,0.0,18.0,17.91,40545.76,63,40.1
2020-08-09,32.2,26.1,28.7,40.1,31.6,96,73,88,6.5,14.8,301,20.6,20.6,0.0,22.0,12.75,14550.4,63,40.4
2020-08-10,32.8,26.5,29.5,40.4,33.2,97,70,85,7.6,15.2,94,8.3,8.3,0.0,14.0,17.79,39141.61,63,42.2
2020-08-11,33.3,27.1,29.6,42.2,34.2,96,70,86,7.1,14.5,229,10.6,10.6,0.0,14.0,18.56,33858.61,61,36.1
2020-08-12,29.0,26.5,27.6,36.1,31.6,97,87,94,10.3,18.3,272,40.3,40.3,0.0,24.0,4.76,683.11,63,38.5
2020-08-13,30.4,25.7,27.7,38.5,31.7,98,81,91,5.6,12.8,225,17.2,17.2,0.0,17.0,10.79,7872.92,63,41.0
2020-08-14,32.8,26.0,28.6,41.0,32.8,99,71,90,6.9,19.5,100,8.2,8.2,0.0,14.0,16.91,26852.59,63,40.2
2020-08-15,32.6,26.1,28.9,40.2,32.3,98,70,87,6.0,14.5,124,11.1,11.1,0.0,21.0,16.89,35741.25,63,39.7
2020-08-16,32.5,26.1,29.1,39.7,33.2,98,68,85,6.0,14.5,67,7.2,7.2,0.0,18.0,17.77,36716.14,61,39.8
2020-08-17,32.7,27.0,29.5,39.8,33.6,95,70,84,8.7,18.1,61,5.5,5.5,0.0,11.0,18.35,40417.32,63,40.3
2020-08-18,33.0,26.6,29.3,40.3,32.8,97,69,85,6.0,14.8,26,22.0,22.0,0.0,17.0,18.35,36873.78,63,41.5
2020-08-19,32.0,26.2,28.5,41.5,32.6,98,75,88,6.7,13.6,36,4.2,4.2,0.0,14.0,15.81,23372.91,61,39.5
2020-08-20,33.2,25.9,29.0,39.5,31.3,97,62,82,12.3,27.1,61,9.8,9.8,0.0,13.0,19.23,38383.27,61,35.4
2020-08-21,31.5,26.2,28.5,35.4,29.7,93,71,80,18.1,35.6,73,7.4,7.4,0.0,15.0,16.6,36456.63,61,37.3
2020-08-22,32.2,25.6,28.1,37.3,29.5,96,68,85,14.5,27.7,110,20.5,20.5,0.0,15.0,16.61,31668.18,65,35.9
2020-08-23,29.9,25.5,27.1,35.9,29.0,94,74,88,12.7,26.4,142,43.0,43.0,0.0,14.0,6.11,3322.45,65,35.6
2020-08-24,31.4,25.9,28.4,35.6,30.3,88,65,79,11.6,21.9,207,0.8,0.8,0.0,6.0,16.93,38912.48,51,36.7
2020-08-25,32.2,26.1,29.0,36.7,31.1,88,63,76,11.7,22.8,245,0.7,0.7,0.0,5.0,20.4,42709.3,51,37.2
2020-08-26,32.1,26.4,28.9,37.2,30.9,96,65,79,10.7,21.3,285,12.5,12.5,0.0,12.0,17.34,33047.73,63,38.4
2020-08-27,32.6,25.4,28.2,38.4,30.5,97,65,85,10.1,20.8,15,7.2,7.2,0.0,13.0,17.06,29674.88,61,35.9
2020-08-28,31.3,25.9,28.1,35.9,30.6,95,68,85,12.1,25.1,37,13.4,13.4,0.0,17.0,16.71,39797.65,61,35.8
2020-08-29,31.5,25.4,27.9,35.8,29.3,93,66,81,14.1,28.9,80,3.1,3.1,0.0,15.0,18.3,36481.02,53,35.7
2020-08-30,32.4,25.5,28.4,35.7,28.8,91,59,76,15.1,27.5,168,2.8,2.8,0.0,8.0,15.27,26195.26,53,36.8
2020-08-31,32.7,25.5,28.7,36.8,29.6,86,58,75,10.4,19.9,225,0.0,0.0,0.0,0.0,19.72,42312.25,3,38.3
2020-09-01,33.2,26.0,29.2,38.3,30.4,89,57,74,10.4,20.1,261,0.0,0.0,0.0,0.0,20.91,41309.94,3,36.0
2020-09-02,29.5,26.5,27.6,36.0,31.7,96,78,86,5.0,10.7,308,9.4,9.4,0.0,14.0,8.27,4156.29,63,39.1
2020-09-03,32.1,25.8,28.7,39.1,30.2,96,65,83,12.0,22.1,125,2.7,2.7,0.0,13.0,19.78,40167.86,51,41.1
2020-09-04,33.5,26.2,29.3,41.1,32.4,95,62,82,5.3,13.6,174,1.8,1.8,0.0,6.0,19.25,39732.23,53,41.1
2020-09-05,33.5,26.2,29.6,41.1,32.3,96,62,82,6.9,16.8,250,1.7,1.7,0.0,8.0,19.19,37119.09,53,40.8
2020-09-06,34.0,26.9,30.0,40.8,33.1,94,60,80,7.3,16.6,262,2.1,2.1,0.0,6.0,19.88,40429.96,61,42.0
2020-09-07,34.3,26.9,30.4,42.0,33.6,95,58,78,8.1,16.3,236,0.5,0.5,0.0,2.0,20.2,40460.3,51,40.2
2020-09-08,34.2,27.1,30.4,40.2,32.7,88,56,76,7.4,17.4,237,0.1,0.1,0.0,1.0,20.86,40234.69,51,41.1
2020-09-09,34.2,27.6,30.3,41.1,34.5,93,61,80,7.3,16.6,256,3.0,3.0,0.0,4.0,18.2,38868.65,61,39.6
2020-09-10,34.5,27.5,30.4,39.6,33.4,94,51,75,6.7,14.1,291,0.0,0.0,0.0,0.0,17.38,36164.31,3,40.1
2020-09-11,34.6,26.0,30.2,40.1,32.0,94,51,73,6.6,14.1,30,0.0,0.0,0.0,0.0,20.09,39600.0,3,39.2
2020-09-12,33.2,26.5,29.9,39.2,32.4,96,60,78,6.0,14.5,84,0.8,0.8,0.0,4.0,17.06,38462.06,51,40.5
2020-09-13,33.2,26.8,29.9,40.5,33.6,96,67,81,4.9,11.0,104,2.8,2.8,0.0,5.0,16.51,33549.73,61,39.9
2020-09-14,32.5,27.3,29.8,39.9,34.2,97,69,83,4.4,11.4,145,6.8,6.8,0.0,11.0,14.97,32455.24,61,41.3
2020-09-15,33.8,26.8,29.7,41.3,33.7,96,62,83,5.2,13.9,137,3.7,3.7,0.0,4.0,15.9,28746.18,61,42.2
2020-09-16,34.0,26.9,30.3,42.2,33.7,97,64,82,4.9,11.9,150,4.1,4.1,0.0,10.0,17.73,37633.12,61,41.9
2020-09-17,36.4,26.4,31.6,41.9,33.1,97,47,73,7.1,15.7,271,0.0,0.0,0.0,0.0,20.49,39600.0,3,43.0
2020-09-18,36.0,28.1,31.5,43.0,34.1,90,53,71,6.9,14.5,264,1.7,1.7,0.0,6.0,19.4,39600.0,53,39.3
2020-09-19,33.0,26.8,30.0,39.3,33.2,97,65,81,8.4,21.5,62,1.6,1.6,0.0,7.0,18.14,39600.0,53,39.3
2020-09-20,34.0,26.6,30.1,39.3,33.4,96,57,77,7.3,16.3,50,0.7,0.7,0.0,7.0,19.18,39601.18,51,41.2
2020-09-21,34.9,27.4,30.4,41.2,33.4,93,57,76,10.2,20.6,63,1.5,1.5,0.0,2.0,18.93,37404.66,55,36.5
2020-09-22,31.4,26.8,27.8,36.5,31.7,94,71,86,11.8,26.2,65,22.0,22.0,0.0,11.0,7.44,4282.01,65,33.4
2020-09-23,28.2,25.2,26.5,33.4,30.6,99,84,93,8.5,17.2,47,15.3,15.3,0.0,23.0,7.83,6162.5,61,35.0
2020-09-24,30.0,25.1,26.9,35.0,30.0,97,73,87,11.6,21.0,310,10.6,10.6,0.0,14.0,6.03,283.14,63,38.2
2020-09-25,34.0,25.0,28.5,38.2,29.5,95,50,77,8.0,19.5,286,0.0,0.0,0.0,0.0,19.68,39600.0,3,41.3
2020-09-26,35.0,24.1,29.0,41.3,28.5,96,44,73,6.4,14.1,253,0.0,0.0,0.0,0.0,20.69,39600.0,2,38.4
2020-09-27,33.3,25.9,29.0,38.4,29.4,81,54,70,7.7,15.9,283,0.1,0.1,0.0,1.0,17.95,36000.0,51,38.3
2020-09-28,33.9,25.9,29.3,38.3,29.8,86,45,68,5.9,12.5,281,0.0,0.0,0.0,0.0,18.53,39600.0,1,37.4
2020-09-29,34.2,23.9,28.7,37.4,27.5,87,39,66,8.4,16.3,290,0.0,0.0,0.0,0.0,21.02,39600.0,3,37.4
2020-09-30,34.3,23.5,28.2,37.4,26.0,85,38,65,9.2,17.2,300,0.0,0.0,0.0,0.0,20.83,39600.0,3,36.0
2020-10-01,34.2,22.9,27.9,36.0,24.2,84,36,64,10.0,19.0,310,0.0,0.0,0.0,0.0,20.99,39600.0,3,37.8
2020-10-02,33.5,21.7,27.7,37.8,25.1,94,45,71,7.7,15.2,357,0.0,0.0,0.0,0.0,20.75,39600.0,3,37.5
2020-10-03,33.8,23.1,28.0,37.5,27.5,96,40,71,7.2,14.5,23,0.0,0.0,0.0,0.0,20.65,39600.0,3,38.2
2020-10-04,34.1,22.6,28.2,38.2,26.3,94,42,69,6.8,13.2,4,0.0,0.0,0.0,0.0,19.28,39306.3,3,38.7
2020-10-05,34.5,24.2,28.8,38.7,28.1,85,41,61,6.5,13.4,313,0.0,0.0,0.0,0.0,19.38,39600.0,2,38.6
2020-10-06,34.3,21.0,27.5,38.6,22.5,75,39,57,5.7,11.2,20,0.0,0.0,0.0,0.0,20.44,39600.0,3,38.5
2020-10-07,34.5,21.9,27.8,38.5,24.3,86,31,61,6.3,13.0,33,0.0,0.0,0.0,0.0,20.4,39600.0,3,37.9
2020-10-08,34.2,23.2,28.5,37.9,27.3,94,37,64,6.4,13.4,77,0.0,0.0,0.0,0.0,19.56,39600.0,3,36.8
2020-10-09,34.0,23.0,28.2,36.8,26.9,93,34,62,6.0,14.5,77,0.0,0.0,0.0,0.0,19.89,39600.0,3,38.2
2020-10-10,34.7,22.4,28.5,38.2,24.6,86,35,58,7.5,12.5,100,0.0,0.0,0.0,0.0,19.49,39600.0,3,39.4
2020-10-11,34.8,24.1,29.4,39.4,27.5,85,38,59,8.9,16.3,82,0.0,0.0,0.0,0.0,16.77,35905.11,3,38.5
2020-10-12,35.0,26.5,30.1,38.5,30.5,75,38,57,9.3,17.4,97,0.0,0.0,0.0,0.0,17.73,36627.09,3,37.9
2020-10-13,34.9,24.6,29.9,37.9,28.1,79,40,59,8.3,17.9,74,0.0,0.0,0.0,0.0,18.83,39600.0,3,38.3
2020-10-14,34.6,26.4,30.1,38.3,30.8,82,48,66,9.0,19.0,71,0.1,0.1,0.0,1.0,16.55,39278.24,51,38.0
2020-10-15,34.5,25.8,29.9,38.0,30.3,88,46,66,8.1,18.3,66,0.0,0.0,0.0,0.0,16.93,39600.0,3,38.0
2020-10-16,34.7,25.7,29.8,38.0,30.2,84,45,65,9.0,19.0,62,0.0,0.0,0.0,0.0,16.94,39553.61,1,37.2
2020-10-17,34.5,25.0,29.3,37.2,27.4,83,40,59,6.9,16.8,54,0.0,0.0,0.0,0.0,16.46,39600.0,1,37.6
2020-10-18,35.1,23.0,28.8,37.6,25.5,76,34,55,6.5,15.0,59,0.0,0.0,0.0,0.0,18.3,39600.0,0,38.1
2020-10-19,34.8,23.6,29.0,38.1,27.0,84,36,55,8.5,15.4,335,0.0,0.0,0.0,0.0,16.16,39600.0,2,33.2
2020-10-20,33.8,23.7,28.3,33.2,23.6,60,22,40,6.5,15.0,323,0.0,0.0,0.0,0.0,17.55,39600.0,3,33.5
2020-10-21,33.2,20.0,26.1,33.5,21.2,78,27,51,8.0,15.9,5,0.0,0.0,0.0,0.0,18.39,39600.0,0,33.7
2020-10-22,32.4,20.0,26.0,33.7,21.5,82,39,61,7.2,17.0,354,0.0,0.0,0.0,0.0,17.81,39600.0,3,34.9
2020-10-23,33.4,20.1,26.5,34.9,22.4,92,30,59,9.1,18.1,351,0.0,0.0,0.0,0.0,17.16,39600.0,3,35.3
2020-10-24,33.8,19.8,26.7,35.3,22.1,90,27,56,5.5,11.6,328,0.0,0.0,0.0,0.0,17.65,39512.82,2,35.7
2020-10-25,33.6,21.0,26.9,35.7,23.1,84,30,55,5.7,10.7,71,0.0,0.0,0.0,0.0,16.43,39542.28,2,34.1
2020-10-26,33.3,21.0,26.5,34.1,20.8,82,21,49,7.0,13.2,15,0.0,0.0,0.0,0.0,15.65,37523.27,3,32.5
2020-10-27,32.1,19.3,25.2,32.5,18.7,74,28,51,5.0,12.5,8,0.0,0.0,0.0,0.0,17.23,39447.14,1,32.1
2020-10-28,31.1,17.2,24.1,32.1,17.9,88,31,57,5.6,11.2,52,0.0,0.0,0.0,0.0,17.58,39400.84,0,31.9
2020-10-29,31.3,17.6,23.8,31.9,18.8,92,29,57,7.3,15.0,11,0.0,0.0,0.0,0.0,17.45,39355.49,0,30.0
2020-10-30,31.1,16.2,23.6,30.0,16.9,88,24,50,9.0,18.6,329,0.0,0.0,0.0,0.0,17.59,39311.16,0,30.0
2020-10-31,30.5,16.0,22.5,30.0,15.4,74,27,53,5.9,13.0,295,0.0,0.0,0.0,0.0,16.48,38932.26,0,29.2
2020-11-01,30.1,17.9,23.1,29.2,16.8,59,28,44,7.6,15.9,290,0.0,0.0,0.0,0.0,16.23,38961.57,2,27.9
2020-11-02,29.8,15.2,21.6,27.9,13.6,59,22,42,7.9,16.6,290,0.0,0.0,0.0,0.0,17.02,39184.94,0,28.3
2020-11-03,29.9,13.9,21.3,28.3,12.3,69,21,48,6.5,14.8,262,0.0,0.0,0.0,0.0,17.34,39018.62,0,28.5
2020-11-04,29.7,14.0,21.7,28.5,12.6,73,26,49,7.1,14.3,275,0.0,0.0,0.0,0.0,17.02,38775.67,0,29.1
2020-11-05,29.5,13.8,21.6,29.1,13.2,82,29,55,6.2,11.9,268,0.0,0.0,0.0,0.0,16.77,38531.02,0,30.2
2020-11-06,29.8,13.7,21.7,30.2,13.5,90,28,58,5.7,9.2,272,0.0,0.0,0.0,0.0,16.69,38556.22,0,29.7
2020-11-07,29.5,13.6,21.3,29.7,13.0,88,29,58,6.2,11.2,266,0.0,0.0,0.0,0.0,16.53,38308.59,0,29.7
2020-11-08,28.8,13.2,21.4,29.7,13.2,93,33,60,5.9,8.9,296,0.0,0.0,0.0,0.0,16.43,38331.67,0,28.1
2020-11-09,28.0,12.8,20.9,28.1,12.9,96,34,63,6.2,13.4,283,0.0,0.0,0.0,0.0,16.2,38080.83,0,27.6
2020-11-10,27.1,13.7,21.0,27.6,13.9,94,42,62,5.0,12.3,133,0.0,0.0,0.0,0.0,15.93,37828.38,0,28.8
2020-11-11,27.9,14.7,21.1,28.8,14.4,92,42,64,5.9,11.2,38,0.0,0.0,0.0,0.0,15.6,37574.33,1,29.6
2020-11-12,28.3,17.8,22.8,29.6,17.7,82,53,65,7.9,16.1,59,0.0,0.0,0.0,0.0,13.45,34833.44,2,29.2
2020-11-13,28.3,20.0,23.3,29.2,20.5,79,47,64,7.4,13.0,29,0.0,0.0,0.0,0.0,12.23,33140.17,3,29.6
2020-11-14,28.6,18.1,22.9,29.6,18.6,84,43,65,5.4,12.8,55,0.0,0.0,0.0,0.0,13.94,34932.7,1,30.2
2020-11-15,28.8,18.9,23.5,30.2,18.4,70,53,62,8.1,16.8,65,0.4,0.4,0.0,3.0,11.18,36168.32,51,25.1
2020-11-16,24.1,18.3,21.1,25.1,19.0,93,63,77,12.0,20.8,42,1.4,1.4,0.0,7.0,9.85,31930.46,51,28.8
2020-11-17,27.5,16.8,21.9,28.8,18.4,99,51,78,5.0,13.2,331,0.0,0.0,0.0,0.0,14.07,36257.26,1,28.3
2020-11-18,26.0,18.2,21.6,28.3,20.1,97,61,83,4.3,13.9,63,3.2,3.2,0.0,5.0,10.21,30661.05,55,27.8
2020-11-19,25.8,18.6,21.6,27.8,19.2,98,62,80,6.7,15.7,36,0.1,0.1,0.0,1.0,10.16,28024.66,51,25.2
2020-11-20,25.6,15.1,19.9,25.2,14.0,86,35,63,7.9,15.7,327,0.0,0.0,0.0,0.0,14.72,36385.25,1,21.8
2020-11-21,24.1,13.2,17.8,21.8,12.1,81,30,55,9.8,18.8,298,0.0,0.0,0.0,0.0,15.11,37120.77,0,21.3
2020-11-22,23.6,11.1,16.7,21.3,9.5,78,32,58,7.2,15.7,299,0.0,0.0,0.0,0.0,15.04,37029.28,3,23.0
2020-11-23,23.8,9.7,16.9,23.0,8.1,93,36,65,5.5,10.3,307,0.0,0.0,0.0,0.0,14.86,36788.71,2,23.9
2020-11-24,24.1,10.1,16.7,23.9,8.5,92,41,69,5.9,11.2,59,0.0,0.0,0.0,0.0,14.74,36546.91,0,24.8
2020-11-25,25.4,11.1,17.5,24.8,10.3,95,40,69,5.5,13.9,72,0.0,0.0,0.0,0.0,14.57,36020.19,1,24.3
2020-11-26,25.3,11.6,18.1,24.3,10.5,92,42,69,8.4,16.8,28,0.0,0.0,0.0,0.0,14.08,34078.85,3,24.6
2020-11-27,25.2,11.8,17.9,24.6,11.0,95,41,73,6.4,12.1,318,0.0,0.0,0.0,0.0,14.45,35806.63,0,24.7
2020-11-28,25.6,12.7,17.8,24.7,12.1,94,38,72,6.4,13.9,301,0.0,0.0,0.0,0.0,14.48,35838.88,0,24.4
2020-11-29,25.1,11.2,17.4,24.4,10.1,93,40,70,5.9,11.9,292,0.0,0.0,0.0,0.0,14.39,35586.09,0,24.1
2020-11-30,24.9,10.4,17.1,24.1,9.5,96,36,69,5.8,10.3,284,0.0,0.0,0.0,0.0,14.53,35615.28,0,25.1
2020-12-01,25.4,10.6,18.1,25.1,9.8,94,41,69,5.0,9.8,281,0.0,0.0,0.0,0.0,14.11,35359.27,0,24.9
2020-12-02,25.9,12.6,18.1,24.9,12.2,94,41,73,7.2,15.2,282,0.0,0.0,0.0,0.0,14.06,35101.59,0,26.6
2020-12-03,26.8,11.9,19.0,26.6,11.1,96,40,69,6.1,11.4,288,0.0,0.0,0.0,0.0,13.97,35127.17,0,27.1
2020-12-04,26.4,13.4,19.2,27.1,14.2,96,45,73,6.2,8.3,81,0.0,0.0,0.0,0.0,13.82,34866.46,0,27.6
2020-12-05,27.0,12.1,18.8,27.6,11.5,97,43,75,6.3,11.6,115,0.0,0.0,0.0,0.0,13.68,34889.56,0,28.6
2020-12-06,27.4,13.6,19.7,28.6,13.0,93,47,74,5.9,9.6,114,0.0,0.0,0.0,0.0,13.57,34625.83,0,27.0
2020-12-07,27.5,13.9,19.3,27.0,13.8,96,39,75,7.0,14.8,301,0.0,0.0,0.0,0.0,13.6,34646.4,0,27.2
2020-12-08,26.8,12.4,19.4,27.2,11.9,96,42,73,6.2,10.3,297,0.0,0.0,0.0,0.0,13.63,34665.77,0,27.8
2020-12-09,27.4,13.2,19.9,27.8,13.0,94,42,71,5.0,9.8,277,0.0,0.0,0.0,0.0,13.6,34397.51,0,28.7
2020-12-10,28.3,13.4,20.6,28.7,13.0,97,41,71,5.0,11.0,264,0.0,0.0,0.0,0.0,13.57,34414.22,0,24.3
2020-12-11,22.9,13.9,18.9,24.3,13.9,95,64,80,5.7,10.3,215,0.2,0.2,0.0,1.0,4.75,1215.71,51,24.9
2020-12-12,24.0,14.8,19.2,24.9,15.3,99,56,82,5.2,10.7,291,0.0,0.0,0.0,0.0,7.9,24057.2,3,24.5
2020-12-13,23.5,15.7,18.9,24.5,16.4,97,60,82,6.8,15.0,314,0.0,0.0,0.0,0.0,9.78,28175.18,3,21.4
2020-12-14,22.0,13.9,17.8,21.4,13.1,81,45,65,5.8,13.6,3,0.0,0.0,0.0,0.0,9.54,24325.88,3,20.5
2020-12-15,21.2,14.0,17.6,20.5,12.7,78,48,64,6.8,11.6,29,1.3,1.3,0.0,6.0,8.69,27881.35,53,19.6
2020-12-16,21.0,13.4,16.8,19.6,11.7,86,46,67,5.6,10.7,344,0.6,0.6,0.0,2.0,8.93,28195.88,51,17.0
2020-12-17,19.8,10.2,14.2,17.0,8.0,78,43,62,9.3,18.8,310,0.0,0.0,0.0,0.0,13.84,34784.77,0,15.2
2020-12-18,18.5,6.7,12.0,15.2,4.2,83,39,62,8.2,17.7,278,0.0,0.0,0.0,0.0,14.13,35079.45,0,18.0
2020-12-19,20.8,7.3,12.9,18.0,4.9,84,35,64,7.2,16.1,283,0.0,0.0,0.0,0.0,14.05,35083.73,0,18.5
2020-12-20,20.8,7.2,13.0,18.5,5.1,89,39,70,6.2,14.3,294,0.0,0.0,0.0,0.0,13.96,35086.33,3,19.6
2020-12-21,21.5,7.9,13.6,19.6,6.3,95,42,75,6.8,14.3,289,0.0,0.0,0.0,0.0,13.8,34800.15,3,20.7
2020-12-22,22.2,7.7,13.9,20.7,6.0,96,45,77,6.9,13.4,300,0.0,0.0,0.0,0.0,13.69,35089.04,2,21.9
2020-12-23,22.8,8.5,15.1,21.9,7.5,99,42,74,5.5,8.9,327,0.0,0.0,0.0,0.0,13.66,35087.23,1,22.1
2020-12-24,23.0,9.0,14.9,22.1,7.2,95,41,74,6.6,10.1,2,0.0,0.0,0.0,0.0,13.79,35373.25,0,20.5
2020-12-25,22.1,7.8,14.1,20.5,6.0,97,40,75,6.1,12.5,298,0.0,0.0,0.0,0.0,13.92,35368.54,0,20.8
2020-12-26,22.0,8.2,15.0,20.8,6.5,92,41,69,5.9,11.4,277,0.0,0.0,0.0,0.0,14.05,35651.61,0,22.5
2020-12-27,22.8,8.9,15.3,22.5,7.9,95,43,69,7.2,11.6,137,0.0,0.0,0.0,0.0,13.83,35451.54,3,22.2
2020-12-28,22.3,12.5,17.0,22.2,11.5,84,53,65,7.4,12.8,26,0.0,0.0,0.0,0.0,13.41,35142.54,3,17.5
2020-12-29,19.8,9.6,13.5,17.5,7.3,92,36,64,6.2,13.4,306,0.0,0.0,0.0,0.0,14.12,35625.55,0,17.4
2020-12-30,19.1,6.9,12.4,17.4,4.8,91,39,67,5.3,11.0,323,0.0,0.0,0.0,0.0,13.26,35664.8,1,17.2
2020-12-31,19.2,7.4,12.3,17.2,5.7,92,41,71,5.8,14.1,324,0.0,0.0,0.0,0.0,13.96,35704.74,0,20.0
2021-01-01,20.8,7.0,13.2,20.0,4.9,92,48,73,6.2,9.2,52,0.0,0.0,0.0,0.0,13.78,35745.27,0,24.8
2021-01-02,24.1,9.9,16.4,24.8,8.1,84,55,72,5.9,13.0,82,0.0,0.0,0.0,0.0,12.77,33302.6,3,25.3
2021-01-03,25.4,13.2,18.9,25.3,12.6,93,50,72,7.4,15.0,85,0.0,0.0,0.0,0.0,11.71,34721.32,3,24.1
2021-01-04,23.2,17.0,19.3,24.1,16.2,80,59,72,7.7,12.5,79,0.0,0.0,0.0,0.0,5.7,1088.62,3,23.9
2021-01-05,23.4,16.3,18.8,23.9,17.1,92,63,82,6.8,15.4,110,0.2,0.2,0.0,1.0,8.55,21747.0,51,27.0
2021-01-06,25.5,13.6,18.9,27.0,13.5,99,56,82,6.8,13.4,311,0.0,0.0,0.0,0.0,12.72,35953.08,1,26.5
2021-01-07,25.6,15.1,19.4,26.5,15.7,97,57,81,6.4,14.3,325,0.0,0.0,0.0,0.0,13.8,35994.94,1,25.6
2021-01-08,24.5,13.7,18.5,25.6,13.6,96,58,79,6.5,11.6,16,0.0,0.0,0.0,0.0,12.52,35381.29,1,22.1
2021-01-09,21.4,14.8,18.0,22.1,15.1,94,68,81,5.8,10.1,304,0.1,0.1,0.0,1.0,5.32,6420.27,51,24.3
2021-01-10,24.3,15.8,19.3,24.3,15.3,95,60,79,8.5,17.7,301,0.2,0.2,0.0,2.0,13.69,36000.0,51,19.3
2021-01-11,21.2,10.8,15.6,19.3,8.7,92,49,71,8.9,18.3,302,0.0,0.0,0.0,0.0,14.33,36000.0,1,17.9
2021-01-12,19.9,7.7,12.6,17.9,6.1,97,45,75,7.1,14.5,289,0.0,0.0,0.0,0.0,15.05,36000.0,0,17.6
2021-01-13,19.7,7.5,12.3,17.6,5.4,93,42,73,6.6,14.5,293,0.0,0.0,0.0,0.0,15.24,36000.0,0,17.8
2021-01-14,19.8,5.5,12.1,17.8,3.5,98,42,76,6.3,13.9,321,0.0,0.0,0.0,0.0,15.12,36000.0,1,18.7
2021-01-15,19.8,6.2,12.8,18.7,4.8,99,48,79,5.6,12.5,351,0.0,0.0,0.0,0.0,14.68,33807.71,3,20.2
2021-01-16,21.0,6.9,13.8,20.2,5.8,100,45,76,4.8,10.5,306,0.0,0.0,0.0,0.0,15.05,35617.62,3,20.0
2021-01-17,21.8,8.1,14.0,20.0,6.0,96,46,78,8.3,17.7,90,0.0,0.0,0.0,0.0,15.11,36000.0,0,18.3
2021-01-18,19.0,10.9,14.6,18.3,9.1,95,62,82,7.8,13.4,86,0.0,0.0,0.0,0.0,6.06,13451.49,3,23.1
2021-01-19,23.1,13.0,16.8,23.1,12.8,96,55,81,5.4,12.5,340,0.0,0.0,0.0,0.0,12.76,32811.25,3,22.7
2021-01-20,23.3,11.3,16.0,22.7,10.4,95,48,79,7.5,15.2,284,0.0,0.0,0.0,0.0,15.53,36000.0,0,21.1
2021-01-21,23.0,10.2,15.8,21.1,8.8,94,38,70,7.9,16.8,290,0.0,0.0,0.0,0.0,15.82,36000.0,0,22.1
2021-01-22,22.0,7.5,14.9,22.1,5.3,98,45,73,6.1,10.3,74,0.0,0.0,0.0,0.0,15.88,36000.0,0,22.7
2021-01-23,23.0,9.0,15.1,22.7,7.8,99,45,77,5.9,13.6,96,0.0,0.0,0.0,0.0,15.74,36000.0,0,23.4
2021-01-24,23.1,10.4,16.0,23.4,9.5,96,50,78,6.1,11.0,36,0.0,0.0,0.0,0.0,15.72,36000.0,0,20.9
2021-01-25,21.1,11.9,15.7,20.9,11.1,98,54,83,5.4,11.4,337,0.1,0.1,0.0,1.0,11.49,34692.28,51,18.5
2021-01-26,19.2,8.6,12.9,18.5,7.0,97,50,79,6.0,12.3,331,0.0,0.0,0.0,0.0,16.21,36000.0,0,18.4
2021-01-27,18.9,6.6,12.4,18.4,5.0,99,52,77,6.3,11.0,306,0.0,0.0,0.0,0.0,15.86,36000.0,1,17.4
2021-01-28,18.5,5.2,11.4,17.4,3.7,100,54,83,6.2,14.5,20,0.0,0.0,0.0,0.0,15.84,36000.0,3,17.9
2021-01-29,19.0,8.6,12.8,17.9,7.3,97,49,77,8.1,15.9,302,0.0,0.0,0.0,0.0,15.68,36000.0,1,18.4
2021-01-30,20.4,7.3,12.5,18.4,5.2,94,41,75,7.6,16.3,277,0.0,0.0,0.0,0.0,17.02,36123.8,0,20.4
2021-01-31,21.4,5.6,13.3,20.4,3.2,96,40,70,5.7,11.2,283,0.0,0.0,0.0,0.0,17.05,36108.47,0,22.2
2021-02-01,22.2,8.2,15.0,22.2,6.6,97,43,71,5.1,9.8,123,0.0,0.0,0.0,0.0,16.97,36092.38,0,24.8
2021-02-02,24.5,8.4,15.9,24.8,6.5,94,40,72,6.9,9.6,199,0.0,0.0,0.0,0.0,17.11,36346.66,0,26.1
2021-02-03,25.6,9.5,17.0,26.1,7.9,93,44,71,7.6,12.8,121,0.0,0.0,0.0,0.0,17.1,36328.57,3,25.9
2021-02-04,25.8,12.2,18.3,25.9,11.2,88,41,67,5.8,12.3,100,0.0,0.0,0.0,0.0,14.98,34517.99,3,21.9
2021-02-05,21.1,14.4,17.2,21.9,13.6,92,66,79,10.1,24.4,358,1.7,1.7,0.0,8.0,11.67,36000.0,53,21.3
2021-02-06,21.9,10.8,15.7,21.3,9.9,98,42,74,7.0,15.7,302,0.0,0.0,0.0,0.0,17.01,36270.45,1,21.3
2021-02-07,22.2,9.6,15.1,21.3,8.1,91,42,72,6.6,15.2,285,0.0,0.0,0.0,0.0,17.84,36518.47,0,22.5
2021-02-08,23.0,9.1,15.4,22.5,7.6,93,45,73,6.6,15.0,285,0.0,0.0,0.0,0.0,17.86,36496.86,0,24.6
2021-02-09,25.0,10.2,17.3,24.6,9.1,95,42,71,6.7,15.2,289,0.0,0.0,0.0,0.0,17.9,36742.37,3,27.5
2021-02-10,26.1,11.4,18.3,27.5,10.8,93,44,72,5.6,10.3,96,0.0,0.0,0.0,0.0,17.89,36185.09,3,28.0
2021-02-11,27.0,12.2,18.7,28.0,11.4,92,34,71,6.5,9.6,59,0.0,0.0,0.0,0.0,18.26,36695.86,3,27.7
2021-02-12,26.6,13.3,18.9,27.7,12.8,94,38,70,6.3,10.3,49,0.0,0.0,0.0,0.0,17.99,35841.16,3,27.2
2021-02-13,26.2,12.6,18.5,27.2,12.3,98,38,71,5.8,10.7,27,0.0,0.0,0.0,0.0,18.22,36913.49,3,27.6
2021-02-14,26.8,12.4,19.1,27.6,12.0,96,36,70,5.6,10.1,62,0.0,0.0,0.0,0.0,18.5,37153.77,1,28.9
2021-02-15,27.5,12.4,19.8,28.9,11.8,94,36,67,6.0,10.3,92,0.0,0.0,0.0,0.0,18.18,37128.04,3,29.0
2021-02-16,27.6,14.5,20.4,29.0,13.8,86,40,64,6.0,13.9,118,0.9,0.9,0.0,1.0,15.08,33152.82,53,28.2
2021-02-17,26.8,13.7,19.3,28.2,13.1,94,42,71,6.5,11.6,36,0.0,0.0,0.0,0.0,18.35,37339.88,1,27.6
2021-02-18,27.0,13.7,19.6,27.6,13.0,95,35,67,6.6,12.5,39,0.0,0.0,0.0,0.0,18.15,37312.8,1,27.4
2021-02-19,27.2,13.3,19.7,27.4,12.2,92,31,61,6.5,13.4,37,0.0,0.0,0.0,0.0,19.02,37657.54,0,27.4
2021-02-20,26.7,12.9,19.6,27.4,12.0,89,38,62,6.7,13.2,330,0.0,0.0,0.0,0.0,19.34,37871.64,0,27.0
2021-02-21,27.4,12.4,19.4,27.0,11.5,91,32,62,7.4,15.9,302,0.0,0.0,0.0,0.0,19.61,38084.68,0,27.4
2021-02-22,28.6,13.1,20.1,27.4,11.9,88,32,61,10.7,21.5,284,0.0,0.0,0.0,0.0,19.56,38296.75,0,29.8
2021-02-23,29.9,13.2,20.8,29.8,12.2,82,30,58,6.9,14.1,266,0.0,0.0,0.0,0.0,19.72,38768.47,0,31.1
2021-02-24,31.6,14.2,22.2,31.1,12.7,79,25,51,7.4,15.2,269,0.0,0.0,0.0,0.0,19.83,38978.45,0,32.0
2021-02-25,32.2,15.8,23.4,32.0,14.9,74,27,51,8.4,17.0,278,0.0,0.0,0.0,0.0,19.89,38926.76,0,31.0
2021-02-26,32.4,17.2,23.8,31.0,15.7,65,23,48,11.1,21.7,277,0.0,0.0,0.0,0.0,20.39,39135.7,0,32.5
2021-02-27,32.8,17.0,24.2,32.5,16.2,68,26,50,10.9,21.7,299,0.0,0.0,0.0,0.0,20.01,39330.09,0,33.7
2021-02-28,32.0,18.4,24.6,33.7,18.1,70,29,52,8.8,17.0,310,0.0,0.0,0.0,0.0,19.87,37990.77,2,31.5
2021-03-01,31.0,16.7,23.8,31.5,16.5,77,30,48,9.5,16.1,329,0.0,0.0,0.0,0.0,19.95,39665.77,2,26.0
2021-03-02,29.2,14.7,21.8,26.0,12.6,66,19,37,12.5,24.6,298,0.0,0.0,0.0,0.0,21.32,39963.42,0,28.9
2021-03-03,30.1,13.8,21.7,28.9,11.8,62,22,42,6.7,16.1,275,0.0,0.0,0.0,0.0,21.2,40003.16,0,32.5
2021-03-04,32.2,13.9,22.9,32.5,12.9,79,21,47,6.7,10.3,295,0.0,0.0,0.0,0.0,21.16,40043.47,0,32.0
2021-03-05,33.2,14.9,24.1,32.0,13.9,75,18,44,11.1,21.5,280,0.0,0.0,0.0,0.0,21.25,40341.72,0,30.0
2021-03-06,32.2,15.8,23.0,30.0,13.9,62,19,42,11.1,22.4,269,0.0,0.0,0.0,0.0,21.53,40382.64,0,35.2
2021-03-07,35.4,16.0,25.0,35.2,13.8,60,18,40,6.8,13.0,182,0.0,0.0,0.0,0.0,21.24,40423.84,0,34.4
2021-03-08,34.5,18.5,25.8,34.4,17.9,64,23,46,7.5,16.3,66,0.0,0.0,0.0,0.0,20.97,40428.76,1,36.5
2021-03-09,34.3,18.5,26.1,36.5,19.7,85,23,52,7.6,12.3,31,0.0,0.0,0.0,0.0,20.15,40155.11,1,36.7
2021-03-10,34.7,18.5,26.4,36.7,18.3,83,18,47,8.3,17.2,83,0.0,0.0,0.0,0.0,20.35,40138.53,2,35.6
2021-03-11,34.4,19.1,26.2,35.6,18.8,83,19,45,6.8,13.0,32,0.0,0.0,0.0,0.0,20.8,40634.79,3,33.3
2021-03-12,32.5,19.6,25.2,33.3,18.7,85,32,53,10.5,21.7,112,2.1,2.1,0.0,3.0,17.47,35399.71,55,32.7
2021-03-13,30.8,18.2,24.5,32.7,20.6,97,34,62,9.7,17.2,323,0.0,0.0,0.0,0.0,20.01,37002.43,3,32.6
2021-03-14,32.9,17.4,25.1,32.6,18.2,86,23,51,8.7,18.6,310,0.0,0.0,0.0,0.0,22.19,40842.54,1,34.1
2021-03-15,33.5,17.5,26.1,34.1,17.5,78,25,47,7.6,17.2,291,0.0,0.0,0.0,0.0,21.33,40571.2,3,34.6
2021-03-16,34.2,18.3,25.8,34.6,18.4,76,19,46,9.4,19.2,315,0.0,0.0,0.0,0.0,21.37,40811.59,1,34.8
2021-03-17,34.9,18.1,26.2,34.8,17.2,69,19,41,8.6,17.9,323,0.0,0.0,0.0,0.0,21.37,41052.05,3,36.4
2021-03-18,35.7,18.9,27.5,36.4,18.0,65,18,39,6.3,12.8,286,0.0,0.0,0.0,0.0,20.64,37085.96,3,32.8
2021-03-19,33.1,21.9,26.5,32.8,21.6,63,28,47,11.1,23.3,269,0.1,0.1,0.0,1.0,16.06,32220.35,51,34.0
2021-03-20,34.0,19.8,26.8,34.0,20.0,75,25,45,8.8,18.6,275,0.0,0.0,0.0,0.0,20.71,37993.66,3,35.3
2021-03-21,34.8,19.1,26.7,35.3,18.8,73,20,42,6.6,13.4,300,0.0,0.0,0.0,0.0,21.32,41249.15,2,36.8
2021-03-22,36.5,20.4,27.7,36.8,20.1,64,19,40,14.5,29.8,193,0.0,0.0,0.0,0.0,19.92,39958.58,3,37.4
2021-03-23,35.6,20.4,28.0,37.4,19.9,72,20,43,13.0,22.1,300,0.0,0.0,0.0,0.0,21.72,40455.36,2,34.5
2021-03-24,33.8,20.5,27.0,34.5,21.1,74,25,42,13.0,28.9,326,0.0,0.0,0.0,0.0,21.61,40697.0,2,32.3
2021-03-25,33.5,20.2,26.6,32.3,19.0,56,17,33,11.0,22.4,312,0.0,0.0,0.0,0.0,23.72,41449.5,0,32.5
2021-03-26,33.2,17.4,25.5,32.5,16.1,61,19,37,9.3,19.0,299,0.0,0.0,0.0,0.0,23.86,41691.59,0,35.4
2021-03-27,35.0,18.9,26.8,35.4,17.6,65,22,39,8.1,16.3,281,0.0,0.0,0.0,0.0,23.53,41423.07,0,37.6
2021-03-28,36.5,19.9,28.2,37.6,19.3,64,22,41,6.3,14.5,22,0.0,0.0,0.0,0.0,23.36,41665.57,0,38.6
2021-03-29,39.2,21.6,29.8,38.6,22.0,63,14,37,8.8,18.8,241,0.0,0.0,0.0,0.0,23.66,41652.79,0,37.9
2021-03-30,40.4,22.8,31.7,37.9,20.2,40,12,22,17.9,32.7,272,0.0,0.0,0.0,0.0,23.9,41640.23,0,33.9
2021-03-31,37.2,25.3,30.4,33.9,21.9,41,11,21,13.9,27.3,293,0.0,0.0,0.0,0.0,24.8,42139.48,0,32.0
2021-04-01,36.2,21.5,28.0,32.0,17.9,25,7,16,13.8,26.2,300,0.0,0.0,0.0,0.0,25.52,42383.55,0,34.1
2021-04-02,35.8,18.2,26.9,34.1,15.2,45,8,20,6.9,14.8,327,0.0,0.0,0.0,0.0,25.21,42116.07,0,34.5
2021-04-03,35.4,19.5,27.0,34.5,16.4,32,11,21,6.4,14.1,30,0.0,0.0,0.0,0.0,24.96,42104.75,0,35.8
2021-04-04,36.7,18.5,27.5,35.8,16.0,43,11,22,7.9,15.4,309,0.0,0.0,0.0,0.0,25.03,42093.63,0,38.7
2021-04-05,38.7,20.1,29.3,38.7,18.0,40,10,25,6.7,11.2,146,0.0,0.0,0.0,0.0,24.58,42082.72,1,40.0
2021-04-06,40.2,21.6,30.6,40.0,20.2,43,13,26,8.8,18.1,83,0.0,0.0,0.0,0.0,24.25,42072.04,1,39.3
2021-04-07,39.8,24.5,31.6,39.3,23.2,46,12,24,10.0,18.8,336,0.0,0.0,0.0,0.0,23.06,42318.39,1,39.8
2021-04-08,38.2,22.6,30.7,39.8,20.9,53,16,30,7.3,15.0,8,0.0,0.0,0.0,0.0,22.18,41794.11,2,36.9
2021-04-09,37.3,23.5,30.3,36.9,21.4,38,15,24,6.7,16.8,10,0.0,0.0,0.0,0.0,23.83,42298.32,1,36.8
2021-04-10,37.9,21.4,30.1,36.8,19.3,46,9,21,7.6,14.8,10,0.0,0.0,0.0,0.0,25.08,42546.05,0,38.2
2021-04-11,38.2,20.6,30.3,38.2,18.3,35,11,21,7.4,13.0,285,0.0,0.0,0.0,0.0,22.84,36675.03,3,37.8
2021-04-12,39.0,21.5,30.5,37.8,20.5,56,10,28,8.9,18.3,300,0.0,0.0,0.0,0.0,24.94,42527.35,0,38.0
2021-04-13,40.0,21.4,31.3,38.0,18.5,38,9,19,7.8,17.9,275,0.0,0.0,0.0,0.0,24.3,42776.46,1,39.4
2021-04-14,40.8,21.7,32.0,39.4,18.7,33,8,18,7.8,17.9,287,0.0,0.0,0.0,0.0,24.05,42634.26,2,38.4
2021-04-15,39.6,25.1,32.0,38.4,22.0,26,11,19,9.2,20.4,280,0.0,0.0,0.0,0.0,23.05,39272.18,3,38.9
2021-04-16,39.8,24.8,32.4,38.9,22.1,28,11,19,8.8,19.9,238,0.0,0.0,0.0,0.0,23.85,42562.32,1,39.3
2021-04-17,37.2,27.0,31.7,39.3,24.3,42,18,27,10.5,21.3,11,0.0,0.0,0.0,0.0,22.1,41038.69,2,37.0
2021-04-18,38.0,24.4,31.3,37.0,24.7,59,14,30,11.6,23.0,334,0.0,0.0,0.0,0.0,24.25,42742.67,1,37.2
2021-04-19,39.2,22.5,30.9,37.2,20.9,37,11,24,10.0,22.6,301,0.0,0.0,0.0,0.0,23.53,39049.99,3,39.9
2021-04-20,40.2,23.2,32.5,39.9,21.2,35,12,21,8.2,17.2,133,0.0,0.0,0.0,0.0,22.34,40294.15,3,37.0
2021-04-21,37.1,26.9,31.8,37.0,23.0,37,17,24,17.8,31.5,350,0.0,0.0,0.0,0.0,18.64,31291.25,3,35.6
2021-04-22,36.0,23.2,29.5,35.6,23.0,62,15,35,12.2,25.1,8,0.0,0.0,0.0,0.0,25.08,42644.25,1,37.3
2021-04-23,39.2,22.3,31.2,37.3,20.8,45,11,24,9.3,19.5,158,0.0,0.0,0.0,0.0,23.76,40871.29,2,36.6
2021-04-24,38.2,24.0,31.1,36.6,21.6,32,15,23,13.3,26.2,305,0.0,0.0,0.0,0.0,25.3,42001.43,3,35.4
2021-04-25,36.6,22.0,29.7,35.4,20.0,36,14,24,9.8,21.0,309,0.0,0.0,0.0,0.0,25.57,40381.84,3,38.9
2021-04-26,39.0,22.0,31.1,38.9,20.2,39,11,24,6.9,17.2,301,0.0,0.0,0.0,0.0,25.63,42811.99,1,40.4
2021-04-27,40.8,21.6,32.0,40.4,19.8,38,9,21,6.5,15.7,259,0.0,0.0,0.0,0.0,25.78,42766.76,0,41.1
2021-04-28,42.2,23.1,33.4,41.1,21.3,37,8,20,8.1,18.6,281,0.0,0.0,0.0,0.0,24.75,42015.86,1,41.5
2021-04-29,41.7,24.6,33.6,41.5,22.4,40,10,21,8.5,15.7,278,0.0,0.0,0.0,0.0,24.49,41202.47,1,41.1
2021-04-30,40.2,24.2,32.6,41.1,26.0,67,14,33,15.1,28.9,74,0.0,0.0,0.0,0.0,22.15,41846.23,2,42.9
2021-05-01,40.1,26.1,32.9,42.9,26.7,55,18,33,12.9,25.5,61,0.0,0.0,0.0,0.0,22.35,41492.11,3,40.6
2021-05-02,38.5,26.0,31.6,40.6,25.9,50,19,35,10.8,21.7,59,0.0,0.0,0.0,0.0,19.71,29594.61,3,37.4
2021-05-03,35.7,26.2,30.1,37.4,25.9,60,27,43,13.0,23.9,289,0.0,0.0,0.0,0.0,19.83,35142.77,3,40.0
2021-05-04,39.8,25.9,33.2,40.0,26.6,52,16,31,8.3,20.6,242,0.0,0.0,0.0,0.0,21.29,41183.12,1,42.1
2021-05-05,39.5,27.1,33.2,42.1,28.0,58,18,36,10.4,20.4,71,0.0,0.0,0.0,0.0,22.49,41071.96,3,41.6
2021-05-06,39.2,26.9,33.1,41.6,29.1,67,20,41,12.2,23.5,84,0.0,0.0,0.0,0.0,22.67,40016.33,2,40.9
2021-05-07,38.7,27.4,32.1,40.9,28.7,59,27,44,16.4,30.9,69,0.0,0.0,0.0,0.0,22.68,41096.06,1,41.1
2021-05-08,37.9,26.0,32.4,41.1,27.6,61,24,41,12.1,24.2,52,0.0,0.0,0.0,0.0,22.26,41251.03,1,41.5
2021-05-09,39.0,27.5,33.2,41.5,27.5,53,21,35,9.2,24.8,81,0.0,0.0,0.0,0.0,21.27,40089.91,2,41.3
2021-05-10,39.5,25.9,32.5,41.3,27.6,60,20,37,10.3,21.9,120,0.0,0.0,0.0,0.0,21.82,40113.35,2,40.2
2021-05-11,38.5,25.5,32.8,40.2,27.9,66,22,37,7.6,16.8,44,0.0,0.0,0.0,0.0,23.43,41490.8,2,40.5
2021-05-12,38.7,26.5,32.0,40.5,28.2,57,23,40,10.7,25.5,55,0.0,0.0,0.0,0.0,20.62,34588.74,3,38.3
2021-05-13,34.7,24.1,29.6,38.3,28.0,82,37,54,7.0,16.3,89,0.2,0.2,0.0,1.0,21.43,38431.67,51,39.6
2021-05-14,36.4,24.0,30.6,39.6,27.5,81,31,52,7.0,15.7,50,0.0,0.0,0.0,0.0,21.81,41344.98,2,41.1
2021-05-15,39.0,27.0,32.9,41.1,28.7,57,23,40,6.7,15.4,52,0.0,0.0,0.0,0.0,20.72,38770.32,3,42.2
2021-05-16,39.0,26.5,33.5,42.2,29.3,70,25,40,6.5,16.3,80,0.0,0.0,0.0,0.0,21.89,40849.68,3,38.0
2021-05-17,36.8,26.8,32.1,38.0,29.2,68,32,49,11.1,21.5,294,0.0,0.0,0.0,0.0,12.56,16449.52,3,34.8
2021-05-18,31.0,23.9,27.7,34.8,27.3,90,57,70,10.8,23.5,61,8.2,8.2,0.0,13.0,17.59,35885.82,61,33.0
2021-05-19,30.2,24.2,26.5,33.0,28.2,95,69,86,13.7,27.7,100,25.7,25.7,0.0,17.0,9.6,5716.23,63,34.9
2021-05-20,33.1,25.2,28.5,34.9,28.9,92,47,72,15.5,28.6,213,0.5,0.5,0.0,3.0,18.28,35662.32,51,37.4
2021-05-21,34.4,22.8,28.8,37.4,26.5,89,43,65,11.6,23.3,315,0.0,0.0,0.0,0.0,23.84,40366.62,1,41.0
2021-05-22,36.4,24.5,30.2,41.0,28.8,86,40,62,7.8,15.2,334,0.0,0.0,0.0,0.0,23.59,41069.78,1,39.5
2021-05-23,36.9,24.2,30.7,39.5,27.6,84,32,55,8.9,17.9,317,0.0,0.0,0.0,0.0,24.18,41765.7,0,36.8
2021-05-24,37.0,26.0,31.0,36.8,26.7,68,22,43,14.4,27.3,311,0.0,0.0,0.0,0.0,24.7,41885.29,3,36.7
2021-05-25,38.6,25.5,31.3,36.7,25.1,49,15,32,13.7,26.4,316,0.0,0.0,0.0,0.0,25.37,41501.31,3,41.3
2021-05-26,38.0,23.8,31.4,41.3,24.6,76,28,50,9.0,19.7,38,0.0,0.0,0.0,0.0,24.27,41624.73,3,39.8
2021-05-27,37.2,26.7,30.9,39.8,30.2,77,32,59,12.2,21.9,82,0.0,0.0,0.0,0.0,23.46,41098.66,3,37.0
2021-05-28,34.9,24.5,28.5,37.0,28.6,85,42,67,14.5,25.5,44,0.0,0.0,0.0,0.0,18.63,34927.77,3,37.6
2021-05-29,34.5,24.0,28.5,37.6,28.1,88,44,67,11.7,24.4,37,0.0,0.0,0.0,0.0,23.41,41045.52,2,41.9
2021-05-30,37.0,24.0,30.5,41.9,27.8,89,41,64,8.3,16.8,48,0.0,0.0,0.0,0.0,23.48,41573.47,2,44.7
2021-05-31,40.0,27.3,33.4,44.7,32.4,83,30,54,7.9,18.3,113,0.0,0.0,0.0,0.0,21.48,40138.48,1,44.1
2021-06-01,39.8,29.1,33.6,44.1,32.1,79,30,53,10.8,20.4,61,0.0,0.0,0.0,0.0,20.96,40395.86,3,41.8
2021-06-02,39.2,27.4,33.5,41.8,33.8,88,26,52,6.3,16.6,63,0.0,0.0,0.0,0.0,23.46,41690.66,3,42.9
2021-06-03,39.2,28.8,33.5,42.9,33.2,70,30,50,8.4,18.6,93,0.0,0.0,0.0,0.0,20.07,35958.47,3,40.1
2021-06-04,38.7,28.6,33.4,40.1,32.6,67,28,46,7.5,15.9,208,0.0,0.0,0.0,0.0,14.51,22154.05,3,39.7
2021-06-05,36.3,28.6,32.3,39.7,31.4,68,39,50,9.8,18.1,257,0.1,0.1,0.0,1.0,13.95,25716.65,51,41.2
2021-06-06,38.8,28.2,34.1,41.2,32.6,73,31,46,8.7,18.6,248,0.0,0.0,0.0,0.0,20.46,40691.6,3,42.5
2021-06-07,40.7,31.0,35.6,42.5,32.7,55,24,38,12.1,24.6,256,0.0,0.0,0.0,0.0,20.56,35083.44,3,44.0
2021-06-08,41.8,30.6,36.3,44.0,32.5,51,25,36,12.2,34.0,267,0.0,0.0,0.0,0.0,21.71,37991.34,3,44.2
2021-06-09,41.8,31.3,35.7,44.2,32.9,62,27,45,16.1,30.0,241,0.0,0.0,0.0,0.0,22.07,40822.78,2,42.2
2021-06-10,36.8,29.6,32.6,42.2,34.0,75,46,61,9.6,20.1,71,0.4,0.4,0.0,3.0,19.54,40772.26,51,39.7
2021-06-11,34.0,25.6,29.6,39.7,31.1,95,54,76,10.6,27.7,4,23.4,23.4,0.0,12.0,17.22,29532.61,65,39.9
2021-06-12,34.0,26.6,30.1,39.9,31.9,92,57,73,8.4,17.0,66,9.6,9.6,0.0,11.0,19.32,35807.16,63,38.6
2021-06-13,34.2,26.4,29.6,38.6,31.7,87,52,72,11.8,23.9,28,0.6,0.6,0.0,3.0,20.23,40591.17,51,33.6
2021-06-14,30.7,25.4,27.5,33.6,29.7,93,65,82,13.6,26.2,0,1.7,1.7,0.0,7.0,16.36,28859.8,51,38.5
2021-06-15,35.2,24.4,29.5,38.5,29.4,98,46,74,10.9,23.5,311,2.1,2.1,0.0,3.0,16.73,31469.02,61,42.4
2021-06-16,37.0,26.5,31.0,42.4,31.8,90,44,68,7.9,20.6,264,0.5,0.5,0.0,3.0,20.63,37672.73,51,40.0
2021-06-17,34.8,26.5,29.5,40.0,31.6,89,53,75,10.6,21.5,62,1.7,1.7,0.0,7.0,18.31,32470.53,53,37.0
2021-06-18,31.5,25.1,27.1,37.0,30.2,96,65,86,10.0,21.3,31,40.7,40.7,0.0,21.0,12.8,21167.32,65,36.0
2021-06-19,31.2,24.6,27.0,36.0,29.7,96,66,88,7.3,21.9,334,29.7,29.7,0.0,21.0,11.01,5596.22,63,37.7
2021-06-20,33.8,24.9,28.7,37.7,30.5,96,54,79,10.5,24.2,257,1.9,1.9,0.0,9.0,17.2,34160.52,53,38.8
2021-06-21,34.4,27.0,30.0,38.8,31.3,88,53,71,9.3,19.9,272,2.4,2.4,0.0,7.0,19.63,40482.71,53,40.8
2021-06-22,33.9,26.9,30.7,40.8,33.0,95,60,74,7.1,17.4,24,0.8,0.8,0.0,7.0,17.85,32173.75,51,39.0
2021-06-23,33.5,27.7,30.2,39.0,34.0,89,61,76,9.8,21.9,51,0.6,0.6,0.0,3.0,16.34,28615.7,51,39.8
2021-06-24,33.3,26.2,29.2,39.8,32.0,94,64,80,9.4,19.9,35,1.6,1.6,0.0,6.0,18.37,34725.48,53,37.1
2021-06-25,32.0,26.4,28.9,37.1,32.2,93,66,80,6.2,20.6,46,0.2,0.2,0.0,2.0,13.33,19563.12,51,40.2
2021-06-26,33.5,25.6,29.4,40.2,31.9,98,60,77,9.1,21.7,48,0.4,0.4,0.0,1.0,20.35,40178.03,51,39.2
2021-06-27,32.8,26.0,29.5,39.2,31.5,92,61,77,9.1,19.5,59,3.2,3.2,0.0,5.0,17.85,33999.83,63,41.1
2021-06-28,34.3,27.1,31.0,41.1,33.2,92,58,75,4.9,13.2,91,0.4,0.4,0.0,4.0,18.84,40677.76,51,43.0
2021-06-29,40.0,28.7,34.0,43.0,35.1,89,30,58,7.4,17.2,257,0.0,0.0,0.0,0.0,22.79,42330.48,3,46.7
2021-06-30,42.2,31.2,36.5,46.7,34.1,60,22,41,16.8,31.1,259,0.0,0.0,0.0,0.0,21.41,40448.75,3,43.7
2021-07-01,40.4,31.9,35.4,43.7,34.9,68,34,49,15.9,27.5,242,0.3,0.3,0.0,3.0,21.98,42532.86,51,40.6
2021-07-02,37.9,30.8,33.7,40.6,32.9,64,41,53,13.7,25.9,236,0.3,0.3,0.0,2.0,17.61,41379.42,51,40.9
2021-07-03,36.1,28.2,31.9,40.9,31.8,75,44,61,11.9,20.6,286,0.6,0.6,0.0,3.0,18.57,32776.93,51,43.2
2021-07-04,38.3,27.1,32.9,43.2,32.3,85,39,59,7.6,14.8,248,0.0,0.0,0.0,0.0,20.75,39915.5,3,43.4
2021-07-05,38.0,29.2,33.4,43.4,33.5,74,40,56,11.4,22.1,299,0.2,0.2,0.0,2.0,21.25,39856.03,51,44.1
2021-07-06,39.5,30.6,34.7,44.1,34.8,67,36,52,10.4,20.8,282,0.0,0.0,0.0,0.0,22.44,39465.13,3,44.4
2021-07-07,40.7,31.5,35.5,44.4,34.8,59,32,47,10.8,21.5,259,0.0,0.0,0.0,0.0,21.8,40550.93,3,43.9
2021-07-08,40.2,30.9,34.9,43.9,35.5,67,33,49,8.8,19.0,265,0.0,0.0,0.0,0.0,19.93,36749.72,3,37.6
2021-07-09,33.2,27.5,30.4,37.6,33.0,90,59,73,8.4,20.4,66,1.5,1.5,0.0,6.0,11.55,21125.79,53,41.0
2021-07-10,34.7,27.8,31.5,41.0,33.9,90,56,72,9.6,18.8,81,2.5,2.5,0.0,9.0,19.77,41059.67,53,38.3
2021-07-11,33.0,26.8,30.0,38.3,32.2,95,66,79,12.0,25.1,88,20.5,20.5,0.0,12.0,13.81,19389.58,63,39.5
2021-07-12,34.2,27.4,30.5,39.5,32.4,88,59,75,11.8,25.3,87,2.2,2.2,0.0,6.0,19.4,38302.81,61,41.0
2021-07-13,35.7,27.7,31.6,41.0,33.4,88,53,69,9.3,21.3,90,0.3,0.3,0.0,3.0,22.05,44062.03,51,40.7
2021-07-14,36.0,28.9,32.2,40.7,33.7,79,50,65,11.7,23.0,87,0.6,0.6,0.0,4.0,22.08,43674.53,51,40.5
2021-07-15,35.8,28.8,32.4,40.5,33.7,79,48,64,10.5,20.6,95,0.8,0.8,0.0,4.0,21.78,43552.63,51,42.7
2021-07-16,37.3,29.2,33.4,42.7,34.6,81,43,60,8.8,15.2,117,0.0,0.0,0.0,0.0,21.59,43309.56,3,44.2
2021-07-17,38.8,29.6,33.5,44.2,35.2,92,42,62,10.0,20.1,244,5.0,5.0,0.0,9.0,17.28,26074.76,55,36.7
2021-07-18,29.1,27.0,28.0,36.7,32.7,95,87,91,7.7,15.9,233,41.2,41.2,0.0,24.0,6.38,475.79,63,39.4
2021-07-19,33.0,25.6,28.7,39.4,31.6,96,61,83,5.9,16.1,238,9.2,9.2,0.0,14.0,17.19,30186.03,61,36.1
2021-07-20,30.9,26.1,28.3,36.1,31.6,96,72,86,10.0,20.1,242,10.5,10.5,0.0,21.0,13.02,20380.11,61,37.1
2021-07-21,31.0,25.5,27.9,37.1,30.1,96,72,86,8.7,22.1,261,8.7,8.7,0.0,15.0,14.15,24575.49,61,38.7
2021-07-22,31.6,26.4,28.1,38.7,32.8,97,70,88,5.9,13.4,51,17.9,17.9,0.0,20.0,13.54,18981.9,63,41.3
2021-07-23,34.0,25.5,29.0,41.3,31.0,97,61,85,10.1,20.6,83,10.5,10.5,0.0,13.0,19.4,36793.13,61,37.5
2021-07-24,32.1,26.3,29.0,37.5,32.6,98,72,84,11.7,29.1,55,17.8,17.8,0.0,14.0,17.31,32788.96,63,37.7
2021-07-25,33.5,26.8,29.7,37.7,31.4,92,60,78,13.7,25.9,84,3.1,3.1,0.0,15.0,19.38,39917.47,53,39.7
2021-07-26,32.8,26.7,29.7,39.7,31.8,89,63,77,7.4,15.7,157,1.7,1.7,0.0,6.0,17.86,35309.65,53,36.8
2021-07-27,30.9,25.9,28.1,36.8,30.0,95,77,88,9.8,17.0,260,23.5,23.5,0.0,21.0,11.04,17148.88,63,32.4
2021-07-28,29.0,25.5,26.9,32.4,29.5,93,75,88,11.8,22.1,253,10.9,10.9,0.0,22.0,8.69,1214.79,61,31.2
2021-07-29,28.1,25.4,26.3,31.2,28.8,95,82,91,17.1,31.8,257,71.9,71.9,0.0,24.0,8.14,8138.33,65,35.9
2021-07-30,31.0,25.2,27.4,35.9,28.7,96,69,86,12.9,22.6,260,23.3,23.3,0.0,16.0,10.68,12022.91,63,38.7
2021-07-31,31.5,25.6,27.9,38.7,30.4,97,72,87,8.9,17.4,306,33.6,33.6,0.0,19.0,16.24,30180.08,65,33.0
2021-08-01,28.4,25.2,26.2,33.0,28.4,97,82,92,17.4,29.5,12,50.9,50.9,0.0,24.0,6.2,576.07,63,34.9
2021-08-02,31.4,25.0,27.6,34.9,28.5,95,66,82,13.9,27.5,133,3.3,3.3,0.0,12.0,13.64,25972.35,53,33.1
2021-08-03,31.5,25.6,28.2,33.1,27.9,90,61,74,18.2,32.4,190,1.4,1.4,0.0,7.0,13.86,22868.58,53,35.3
2021-08-04,31.1,25.8,28.2,35.3,28.5,83,66,75,13.6,25.5,178,1.8,1.8,0.0,8.0,13.34,22072.96,53,36.4
2021-08-05,31.5,26.0,28.3,36.4,30.2,90,68,80,10.4,20.4,114,2.9,2.9,0.0,13.0,12.78,26018.83,53,38.9
2021-08-06,32.5,26.0,28.8,38.9,31.4,95,69,85,8.8,20.4,87,11.8,11.8,0.0,10.0,15.93,28348.54,63,37.7
2021-08-07,32.3,26.0,28.9,37.7,31.5,99,63,83,8.8,17.9,126,8.9,8.9,0.0,12.0,17.63,35666.34,63,37.7
2021-08-08,30.3,26.3,28.0,37.7,32.6,98,79,89,4.3,10.7,223,13.7,13.7,0.0,17.0,11.62,16332.62,63,37.3
2021-08-09,30.5,25.7,27.4,37.3,31.3,98,77,91,7.7,15.9,274,18.0,18.0,0.0,23.0,11.29,12818.97,63,36.7
2021-08-10,30.6,25.5,28.0,36.7,30.7,97,77,87,9.3,22.1,273,17.6,17.6,0.0,17.0,11.42,14997.66,63,37.6
2021-08-11,33.2,26.4,29.3,37.6,31.4,93,62,79,12.5,23.5,270,1.2,1.2,0.0,6.0,16.29,27111.53,51,38.1
2021-08-12,33.3,26.6,29.7,38.1,30.3,83,59,74,10.6,21.0,266,0.1,0.1,0.0,1.0,19.06,28735.22,51,37.5
2021-08-13,32.9,27.0,29.7,37.5,30.7,84,61,74,10.1,19.7,260,0.2,0.2,0.0,1.0,16.4,35138.23,51,38.3
2021-08-14,33.3,26.8,29.8,38.3,30.5,82,59,72,11.5,22.1,259,0.0,0.0,0.0,0.0,21.89,43330.84,3,39.8
2021-08-15,33.7,26.9,30.0,39.8,31.0,86,59,74,9.1,17.7,265,0.0,0.0,0.0,0.0,21.79,42796.83,3,40.7
2021-08-16,34.0,27.2,30.5,40.7,32.5,88,58,74,6.2,13.6,285,0.8,0.8,0.0,6.0,20.35,40738.54,51,41.1
2021-08-17,34.5,27.6,31.1,41.1,34.4,91,56,75,6.3,16.1,334,0.4,0.4,0.0,3.0,20.28,37344.45,51,40.7
2021-08-18,33.3,27.4,30.0,40.7,34.8,97,65,82,7.0,15.0,89,2.4,2.4,0.0,10.0,17.22,34484.91,53,38.8
2021-08-19,31.6,25.9,28.3,38.8,31.4,97,72,87,8.4,16.8,73,33.3,33.3,0.0,21.0,14.51,26625.62,63,37.8
2021-08-20,31.1,25.1,27.3,37.8,31.0,97,73,89,8.8,16.8,111,23.9,23.9,0.0,20.0,14.14,26473.12,63,39.3
2021-08-21,32.2,25.5,28.2,39.3,30.7,98,71,86,7.3,17.9,120,12.3,12.3,0.0,12.0,15.84,30823.82,63,40.8
2021-08-22,32.7,26.2,29.3,40.8,32.2,96,69,82,5.5,13.0,151,1.9,1.9,0.0,9.0,19.65,36956.21,53,39.2
2021-08-23,32.7,27.5,29.6,39.2,31.8,90,69,80,9.5,22.4,238,4.4,4.4,0.0,8.0,17.34,31135.49,61,38.0
2021-08-24,33.0,27.7,29.6,38.0,31.9,87,65,78,12.5,24.4,247,4.9,4.9,0.0,10.0,18.12,35564.82,63,38.4
2021-08-25,33.8,26.5,29.7,38.4,31.2,92,61,77,13.9,31.8,251,6.6,6.6,0.0,10.0,17.48,26711.41,61,36.5
2021-08-26,31.8,27.1,29.5,36.5,30.1,78,63,72,11.4,21.9,250,0.0,0.0,0.0,0.0,13.44,18223.36,3,35.8
2021-08-27,30.7,26.6,28.4,35.8,30.8,87,64,76,8.3,14.1,245,0.1,0.1,0.0,1.0,9.74,2406.09,51,36.6
2021-08-28,30.9,25.3,28.3,36.6,31.3,97,68,82,6.7,11.4,80,0.0,0.0,0.0,0.0,11.37,20965.5,3,40.0
2021-08-29,33.0,26.1,28.7,40.0,32.7,97,64,84,8.3,20.4,60,2.7,2.7,0.0,5.0,19.7,40446.73,61,35.2
2021-08-30,30.2,25.4,27.6,35.2,30.7,97,75,88,9.6,20.4,70,12.7,12.7,0.0,15.0,12.28,18655.88,63,38.2
2021-08-31,31.5,26.0,28.6,38.2,30.8,95,70,84,12.1,22.6,86,5.4,5.4,0.0,10.0,16.27,31348.7,63,40.0
2021-09-01,32.7,26.6,29.7,40.0,31.8,91,64,79,7.8,17.0,116,1.1,1.1,0.0,5.0,20.77,40788.79,53,40.7
2021-09-02,33.8,26.5,29.8,40.7,31.7,93,58,76,6.8,14.8,184,0.4,0.4,0.0,2.0,22.15,40302.7,51,38.5
2021-09-03,32.2,26.5,29.0,38.5,33.0,95,65,83,5.4,14.5,235,4.9,4.9,0.0,8.0,15.98,32541.21,61,38.4
2021-09-04,31.5,25.3,28.2,38.4,30.0,98,69,86,6.9,15.0,251,12.2,12.2,0.0,14.0,16.3,37012.3,63,39.2
2021-09-05,32.6,26.1,29.2,39.2,32.8,97,64,83,7.2,18.1,283,4.9,4.9,0.0,8.0,18.5,40389.82,63,40.1
2021-09-06,33.5,26.8,29.9,40.1,33.7,97,63,81,8.9,20.4,70,1.7,1.7,0.0,4.0,17.94,35915.32,55,36.8
2021-09-07,32.4,27.4,29.5,36.8,31.3,90,62,78,16.1,33.8,78,0.6,0.6,0.0,6.0,19.11,40449.63,51,36.6
2021-09-08,31.9,26.5,28.6,36.6,29.8,89,68,81,15.2,27.3,98,4.9,4.9,0.0,11.0,16.66,39712.17,63,37.2
2021-09-09,31.8,25.8,28.1,37.2,30.9,95,66,83,10.3,24.8,115,12.8,12.8,0.0,11.0,17.88,37605.75,63,36.7
2021-09-10,31.4,24.9,27.2,36.7,29.4,97,68,88,9.3,23.5,116,14.4,14.4,0.0,19.0,15.68,29168.66,63,38.5
2021-09-11,31.2,24.8,27.9,38.5,29.0,97,71,87,9.5,23.5,107,4.6,4.6,0.0,11.0,16.15,37500.12,63,38.2
2021-09-12,31.8,25.7,28.6,38.2,31.9,99,67,84,7.1,19.0,103,2.6,2.6,0.0,7.0,17.01,38535.57,61,39.6
2021-09-13,32.8,26.2,28.8,39.6,32.4,96,67,84,8.5,23.5,81,12.2,12.2,0.0,17.0,17.19,30288.06,63,35.2
2021-09-14,31.5,25.7,27.8,35.2,28.9,95,67,85,16.0,36.5,65,11.1,11.1,0.0,20.0,14.93,32387.24,63,30.0
2021-09-15,26.9,24.9,25.7,30.0,27.7,96,88,92,18.2,32.9,57,20.3,20.3,0.0,24.0,5.19,1177.06,63,31.7
2021-09-16,28.0,24.6,25.8,31.7,28.6,98,81,91,14.2,25.9,142,11.1,11.1,0.0,18.0,7.57,5832.1,63,33.4
2021-09-17,29.0,24.2,26.2,33.4,27.0,92,70,84,11.8,21.3,160,7.2,7.2,0.0,13.0,9.07,15532.9,63,37.5
2021-09-18,31.6,24.6,28.0,37.5,29.2,95,67,83,10.3,23.0,152,1.1,1.1,0.0,7.0,18.43,39600.0,51,38.3
2021-09-19,33.1,24.5,28.6,38.3,29.0,95,56,78,6.7,15.2,197,0.0,0.0,0.0,0.0,20.42,39600.0,2,39.0
2021-09-20,32.7,25.4,29.0,39.0,31.0,95,61,78,5.4,14.1,162,1.4,1.4,0.0,6.0,19.42,39600.0,53,39.7
2021-09-21,32.4,25.9,28.8,39.7,32.2,97,69,84,6.1,15.9,99,3.3,3.3,0.0,14.0,17.63,39600.0,53,38.3
2021-09-22,32.0,26.0,28.6,38.3,31.9,97,60,82,9.0,19.2,77,4.4,4.4,0.0,7.0,18.33,39600.0,61,36.6
2021-09-23,30.8,25.6,27.8,36.6,30.1,92,70,83,10.5,25.1,71,4.2,4.2,0.0,6.0,15.91,33907.48,61,35.4
2021-09-24,29.6,24.4,26.3,35.4,28.6,99,77,90,8.3,15.2,96,12.3,12.3,0.0,16.0,9.13,12927.88,61,36.2
2021-09-25,30.4,24.6,26.9,36.2,29.7,99,70,88,6.2,14.1,139,14.1,14.1,0.0,19.0,12.13,16855.46,63,38.2
2021-09-26,31.3,24.9,27.6,38.2,29.8,98,73,88,8.5,19.0,70,8.5,8.5,0.0,14.0,14.78,23527.94,63,39.8
2021-09-27,32.7,26.0,29.1,39.8,31.6,96,69,83,11.5,23.7,71,2.1,2.1,0.0,7.0,18.36,39540.72,55,36.9
2021-09-28,32.3,26.1,28.9,36.9,31.2,93,62,79,11.0,29.5,84,1.1,1.1,0.0,7.0,16.55,36181.57,53,38.8
2021-09-29,32.2,26.0,28.7,38.8,30.7,91,66,79,8.7,19.7,95,4.4,4.4,0.0,7.0,17.35,39600.0,63,37.5
2021-09-30,32.5,25.8,28.7,37.5,31.1,93,59,77,7.4,17.0,77,0.2,0.2,0.0,2.0,18.86,39600.0,51,38.7
2021-10-01,32.3,25.1,28.4,38.7,30.5,95,63,81,5.8,15.9,32,0.5,0.5,0.0,1.0,18.22,39546.08,53,38.7
2021-10-02,33.1,25.2,28.4,38.7,31.1,98,60,84,9.4,18.8,286,0.9,0.9,0.0,5.0,17.04,39600.0,51,38.1
2021-10-03,33.7,25.6,29.4,38.1,31.2,97,54,76,8.9,18.3,260,0.0,0.0,0.0,0.0,18.54,39600.0,3,39.8
2021-10-04,33.4,26.4,29.2,39.8,31.2,92,60,80,6.4,12.8,259,3.2,3.2,0.0,7.0,16.7,39600.0,61,39.6
2021-10-05,33.1,25.9,29.0,39.6,32.0,97,58,81,4.9,13.0,104,2.5,2.5,0.0,8.0,16.6,39600.0,53,39.7
2021-10-06,33.2,26.0,29.2,39.7,32.5,97,57,80,4.3,12.8,6,0.3,0.3,0.0,2.0,17.25,39390.02,51,38.6
2021-10-07,33.4,25.3,29.1,38.6,29.4,96,53,74,6.5,14.1,326,0.7,0.7,0.0,5.0,17.7,39600.0,51,37.0
2021-10-08,33.5,22.7,28.1,37.0,26.6,96,43,69,7.9,15.2,313,0.0,0.0,0.0,0.0,18.94,39600.0,1,36.8
2021-10-09,34.0,23.2,28.3,36.8,27.1,91,39,67,8.9,17.2,303,0.0,0.0,0.0,0.0,19.57,39600.0,0,38.4
2021-10-10,34.9,23.0,28.5,38.4,26.3,88,38,66,7.3,15.4,307,0.0,0.0,0.0,0.0,19.34,39600.0,0,36.5
2021-10-11,33.0,22.9,28.2,36.5,26.7,94,46,70,7.0,15.4,351,0.0,0.0,0.0,0.0,16.34,39600.0,2,37.2
2021-10-12,34.2,23.0,28.3,37.2,27.2,94,38,69,7.2,16.1,323,0.0,0.0,0.0,0.0,18.64,39600.0,0,36.9
2021-10-13,34.1,23.6,28.3,36.9,27.1,86,37,62,10.6,19.5,318,0.0,0.0,0.0,0.0,18.95,39600.0,0,34.4
2021-10-14,33.2,22.5,27.0,34.4,23.4,69,35,55,8.2,16.6,324,0.0,0.0,0.0,0.0,19.2,39600.0,3,37.0
2021-10-15,33.5,21.6,27.3,37.0,23.5,80,40,61,5.1,10.1,339,0.0,0.0,0.0,0.0,18.87,39600.0,3,38.8
2021-10-16,34.2,24.0,29.0,38.8,28.1,92,51,70,7.3,16.6,68,0.2,0.2,0.0,1.0,17.44,38019.47,51,38.7
2021-10-17,34.5,26.4,28.9,38.7,31.0,87,53,76,11.7,23.3,72,9.0,9.0,0.0,8.0,15.82,37685.27,63,35.4
2021-10-18,31.0,24.0,26.2,35.4,28.2,97,65,88,10.5,20.4,105,64.4,64.4,0.0,24.0,11.45,19358.2,65,32.0
2021-10-19,30.4,23.2,26.1,32.0,25.5,97,50,78,12.9,23.3,290,1.2,1.2,0.0,9.0,15.35,31764.29,51,33.2
2021-10-20,30.9,21.8,25.6,33.2,24.1,87,44,71,7.7,15.2,282,0.0,0.0,0.0,0.0,17.07,39600.0,1,32.7
2021-10-21,31.6,20.8,25.3,32.7,22.1,89,37,62,9.3,17.2,265,0.0,0.0,0.0,0.0,18.3,39600.0,0,32.1
2021-10-22,31.5,20.6,25.0,32.1,20.8,81,39,62,10.9,20.1,286,0.0,0.0,0.0,0.0,18.17,39600.0,0,34.3
2021-10-23,31.7,19.1,25.1,34.3,20.6,91,36,67,5.3,8.1,186,0.0,0.0,0.0,0.0,17.86,39600.0,0,32.7
2021-10-24,31.1,20.0,25.3,32.7,22.2,89,36,64,7.4,15.7,99,0.0,0.0,0.0,0.0,15.35,33098.33,3,32.7
2021-10-25,30.0,20.8,25.0,32.7,23.1,88,44,67,5.4,8.9,345,0.0,0.0,0.0,0.0,16.12,39273.96,3,31.4
2021-10-26,29.5,20.0,24.1,31.4,21.3,91,44,70,6.5,13.2,342,0.0,0.0,0.0,0.0,16.27,39040.54,1,28.1
2021-10-27,28.5,17.8,22.5,28.1,19.0,93,36,66,8.5,17.2,333,0.0,0.0,0.0,0.0,17.77,39454.15,0,29.7
2021-10-28,28.6,15.9,22.0,29.7,16.7,93,36,67,5.9,11.2,321,0.0,0.0,0.0,0.0,17.47,39407.39,0,30.3
2021-10-29,28.4,16.3,22.4,30.3,17.5,94,41,68,5.7,10.7,325,0.0,0.0,0.0,0.0,17.0,38599.97,0,29.1
2021-10-30,28.9,16.6,22.3,29.1,17.5,93,36,67,6.0,14.1,306,0.0,0.0,0.0,0.0,17.15,39165.62,0,29.0
2021-10-31,29.7,16.1,22.5,29.0,15.9,82,29,57,7.1,15.2,290,0.0,0.0,0.0,0.0,17.23,39195.6,0,30.8
2021-11-01,29.8,16.6,22.3,30.8,16.4,79,30,59,5.8,9.4,219,0.0,0.0,0.0,0.0,16.93,38955.96,0,30.4
2021-11-02,29.5,15.9,22.6,30.4,16.2,92,31,61,6.4,13.0,67,0.0,0.0,0.0,0.0,16.78,38714.7,0,30.1
2021-11-03,28.8,16.9,22.4,30.1,18.0,91,37,64,5.6,11.0,23,0.0,0.0,0.0,0.0,16.57,38471.69,0,30.8
2021-11-04,29.0,15.8,22.6,30.8,16.8,97,37,68,5.7,7.6,28,0.0,0.0,0.0,0.0,16.36,38226.96,2,30.7
2021-11-05,29.1,16.7,22.8,30.7,17.7,95,34,67,5.8,9.2,244,0.0,0.0,0.0,0.0,15.5,37341.42,3,28.0
2021-11-06,27.9,15.8,21.5,28.0,16.6,94,35,64,5.3,11.0,296,0.0,0.0,0.0,0.0,16.03,38276.07,3,28.6
2021-11-07,29.0,16.2,22.0,28.6,15.9,79,35,60,6.6,13.4,291,0.0,0.0,0.0,0.0,14.17,33722.15,3,29.2
2021-11-08,29.5,15.6,21.6,29.2,16.3,93,31,68,6.9,14.1,311,0.0,0.0,0.0,0.0,16.1,38050.95,3,28.9
2021-11-09,29.1,15.4,21.4,28.9,15.7,95,33,68,7.5,14.5,317,0.0,0.0,0.0,0.0,15.84,38073.36,1,27.7
2021-11-10,27.8,14.9,20.9,27.7,15.2,93,40,71,7.4,15.9,327,0.0,0.0,0.0,0.0,15.86,37821.75,3,29.1
2021-11-11,28.0,14.6,21.2,29.1,15.1,99,39,72,5.8,10.7,351,0.0,0.0,0.0,0.0,15.6,37842.52,3,28.4
2021-11-12,27.3,15.1,21.3,28.4,15.6,97,38,67,4.9,8.7,26,0.0,0.0,0.0,0.0,15.04,35628.28,3,28.5
2021-11-13,27.5,14.9,20.8,28.5,15.3,94,42,69,6.3,10.5,345,0.0,0.0,0.0,0.0,15.46,37607.22,0,27.6
2021-11-14,27.1,13.9,20.3,27.6,14.0,96,38,67,6.5,8.9,345,0.0,0.0,0.0,0.0,15.48,37610.04,0,26.4
2021-11-15,26.3,13.1,19.6,26.4,12.8,96,38,67,6.1,9.6,331,0.0,0.0,0.0,0.0,15.31,37307.96,0,27.0
2021-11-16,26.0,13.6,19.5,27.0,13.3,96,42,69,5.4,9.2,338,0.0,0.0,0.0,0.0,15.15,37280.67,3,27.1
2021-11-17,26.5,12.7,19.5,27.1,12.0,95,42,70,5.5,11.6,23,0.0,0.0,0.0,0.0,14.85,35972.79,3,27.2
2021-11-18,26.3,15.1,20.3,27.2,15.6,94,45,70,6.1,9.8,12,0.0,0.0,0.0,0.0,12.94,30846.16,3,23.2
2021-11-19,23.0,16.6,20.1,23.2,17.5,94,56,74,5.4,12.5,346,0.0,0.0,0.0,0.0,7.48,14638.52,3,25.9
2021-11-20,24.0,17.1,20.0,25.9,18.0,97,65,81,6.7,11.4,333,42.6,42.6,0.0,6.0,7.46,16067.16,65,28.4
2021-11-21,27.5,16.0,21.1,28.4,16.9,97,48,75,4.7,10.7,299,0.0,0.0,0.0,0.0,14.13,35580.11,0,26.2
2021-11-22,27.5,16.9,21.0,26.2,15.5,89,33,62,7.7,14.3,289,0.0,0.0,0.0,0.0,14.37,36179.16,0,25.1
2021-11-23,26.5,13.1,19.6,25.1,11.9,81,30,56,6.0,11.4,297,0.0,0.0,0.0,0.0,14.94,36779.71,0,26.3
2021-11-24,26.1,13.1,18.7,26.3,12.5,87,35,63,5.9,7.6,16,0.0,0.0,0.0,0.0,14.72,36536.02,0,25.4
2021-11-25,25.6,12.8,18.0,25.4,12.2,91,39,71,6.1,11.4,19,0.0,0.0,0.0,0.0,14.6,36290.48,0,25.5
2021-11-26,25.1,11.4,18.9,25.5,11.0,97,45,71,5.1,9.4,35,0.0,0.0,0.0,0.0,14.16,35479.34,0,26.4
2021-11-27,26.2,12.8,18.9,26.4,12.6,98,43,74,5.8,11.0,89,0.0,0.0,0.0,0.0,14.02,35229.71,0,26.8
2021-11-28,26.3,13.2,19.1,26.8,13.0,96,41,73,5.8,8.5,58,0.0,0.0,0.0,0.0,13.94,34695.87,3,26.5
2021-11-29,26.0,13.6,19.1,26.5,13.9,96,46,75,6.4,11.4,327,0.0,0.0,0.0,0.0,13.64,33592.99,3,24.7
2021-11-30,25.0,13.6,18.3,24.7,13.4,93,40,72,6.3,11.0,316,0.0,0.0,0.0,0.0,13.58,32400.0,3,24.6
2021-12-01,24.6,13.6,18.8,24.6,13.5,94,46,74,7.3,11.9,346,0.0,0.0,0.0,0.0,11.99,26841.9,3,25.3
2021-12-02,24.5,15.4,19.7,25.3,16.2,96,55,76,6.6,11.0,319,0.0,0.0,0.0,0.0,11.63,25200.0,3,21.5
2021-12-03,21.3,16.8,19.0,21.5,17.3,86,60,72,5.5,10.1,348,0.0,0.0,0.0,0.0,4.05,10089.18,3,26.4
2021-12-04,25.6,13.2,19.3,26.4,12.9,99,48,75,5.8,9.2,338,0.0,0.0,0.0,0.0,13.38,34006.2,0,27.1
2021-12-05,26.3,14.6,19.8,27.1,14.8,96,48,76,4.9,12.1,37,0.0,0.0,0.0,0.0,13.18,34029.24,0,26.7
2021-12-06,26.5,17.0,20.8,26.7,17.9,92,50,74,8.2,15.4,350,0.0,0.0,0.0,0.0,9.71,25299.73,3,23.9
2021-12-07,25.4,14.9,19.1,23.9,13.2,94,35,68,7.5,15.9,319,0.0,0.0,0.0,0.0,13.46,34357.89,0,23.3
2021-12-08,24.3,11.4,17.2,23.3,10.0,91,36,66,5.9,10.3,307,0.0,0.0,0.0,0.0,13.8,34663.74,0,24.0
2021-12-09,24.4,11.9,17.5,24.0,11.2,93,42,69,5.9,9.4,15,0.0,0.0,0.0,0.0,12.75,33352.74,1,22.0
2021-12-10,23.4,11.1,16.7,22.0,10.1,93,41,69,5.8,13.4,312,0.0,0.0,0.0,0.0,13.59,34412.93,0,22.3
2021-12-11,23.0,11.8,16.3,22.3,11.0,93,42,71,5.9,11.6,283,0.0,0.0,0.0,0.0,13.54,34141.78,0,21.7
2021-12-12,22.2,10.5,15.6,21.7,9.2,94,43,70,5.9,8.1,23,0.0,0.0,0.0,0.0,13.46,34155.72,3,21.9
2021-12-13,22.8,8.9,15.4,21.9,7.3,95,39,71,5.8,9.6,60,0.0,0.0,0.0,0.0,13.54,34456.07,1,22.6
2021-12-14,23.8,10.4,16.4,22.6,9.3,96,41,70,5.4,11.4,61,0.0,0.0,0.0,0.0,12.65,33603.78,2,23.6
2021-12-15,24.0,11.4,17.2,23.6,10.5,94,45,72,5.6,11.2,28,0.0,0.0,0.0,0.0,12.42,30002.09,3,24.5
2021-12-16,24.9,12.4,18.3,24.5,11.9,95,46,71,7.8,16.1,71,0.0,0.0,0.0,0.0,11.2,32342.99,3,19.4
2021-12-17,21.5,14.2,17.6,19.4,11.2,89,47,65,11.5,21.7,340,0.0,0.0,0.0,0.0,11.07,27202.15,3,15.4
2021-12-18,19.1,8.9,13.4,15.4,6.2,75,29,54,8.9,18.1,301,0.0,0.0,0.0,0.0,13.99,35076.08,0,15.4
2021-12-19,19.1,7.4,12.4,15.4,4.7,89,34,62,9.2,18.1,286,0.0,0.0,0.0,0.0,13.77,35080.47,0,17.2
2021-12-20,19.5,6.4,12.2,17.2,4.1,90,39,67,6.0,13.2,285,0.0,0.0,0.0,0.0,13.61,34507.14,2,18.5
2021-12-21,20.8,5.9,12.5,18.5,3.9,94,38,70,6.5,12.3,286,0.0,0.0,0.0,0.0,13.56,34508.66,0,20.0
2021-12-22,21.8,6.7,14.5,20.0,5.0,94,36,64,4.9,11.2,290,0.0,0.0,0.0,0.0,13.51,34798.01,1,22.1
2021-12-23,22.7,9.0,16.1,22.1,7.9,91,37,62,4.7,8.7,103,0.0,0.0,0.0,0.0,13.4,34218.43,1,23.1
2021-12-24,24.2,9.8,16.0,23.1,8.1,92,36,66,6.1,11.2,79,0.0,0.0,0.0,0.0,13.29,34061.6,3,22.9
2021-12-25,23.7,10.1,16.0,22.9,8.5,93,40,70,6.1,9.6,14,0.0,0.0,0.0,0.0,13.42,34912.12,0,22.9
2021-12-26,23.6,9.6,16.0,22.9,7.9,94,39,71,5.8,9.2,59,0.0,0.0,0.0,0.0,13.31,34894.22,3,22.9
2021-12-27,23.0,11.9,16.7,22.9,11.2,95,48,76,5.5,11.0,54,0.0,0.0,0.0,0.0,12.06,34297.31,3,16.4
2021-12-28,16.2,13.1,15.2,16.4,12.8,96,80,89,7.2,12.5,25,8.2,8.2,0.0,9.0,2.02,0.0,61,17.1
2021-12-29,19.1,10.7,15.1,17.1,9.7,97,56,82,9.2,17.0,348,1.1,1.1,0.0,7.0,8.83,24136.87,51,19.0
2021-12-30,20.2,9.1,13.8,19.0,7.5,99,51,81,7.7,14.8,356,0.0,0.0,0.0,0.0,12.52,31099.28,3,19.1
2021-12-31,20.2,9.2,13.9,19.1,7.9,98,49,80,5.8,12.3,316,0.0,0.0,0.0,0.0,12.3,32400.0,3,19.0
2022-01-01,20.0,9.0,14.2,19.0,7.5,94,48,75,5.1,9.8,314,0.2,0.2,0.0,1.0,13.11,32400.0,51,18.7
2022-01-02,19.8,8.4,13.6,18.7,7.0,95,49,75,6.7,9.4,331,0.0,0.0,0.0,0.0,12.65,35772.27,3,19.6
2022-01-03,20.4,7.1,13.8,19.6,5.7,98,53,78,6.2,11.6,286,0.0,0.0,0.0,0.0,13.74,35811.09,3,21.9
2022-01-04,21.9,8.1,14.6,21.9,6.1,97,49,78,5.7,10.5,271,0.0,0.0,0.0,0.0,13.8,35850.98,3,23.7
2022-01-05,23.4,9.6,16.1,23.7,8.0,97,49,78,7.9,13.6,98,0.0,0.0,0.0,0.0,12.26,28800.0,3,17.7
2022-01-06,18.5,14.4,15.9,17.7,13.6,95,72,87,11.2,21.0,87,16.6,16.6,0.0,13.0,5.72,8919.55,63,20.1
2022-01-07,20.5,13.8,16.4,20.1,13.9,98,72,90,9.6,18.6,114,6.8,6.8,0.0,12.0,8.29,18415.07,61,21.1
2022-01-08,20.5,14.4,16.7,21.1,13.6,97,77,90,10.9,20.4,101,12.8,12.8,0.0,12.0,7.83,24052.49,63,21.5
2022-01-09,20.3,13.4,16.7,21.5,13.6,98,78,91,7.2,15.2,143,3.5,3.5,0.0,9.0,6.29,5907.14,61,19.0
2022-01-10,19.0,14.1,16.1,19.0,14.0,99,75,90,7.7,14.5,317,0.5,0.5,0.0,5.0,5.47,11982.26,51,19.6
2022-01-11,20.3,11.2,14.8,19.6,10.4,97,56,82,6.6,14.1,307,0.0,0.0,0.0,0.0,13.69,36000.0,1,17.3
2022-01-12,19.0,9.6,13.7,17.3,7.5,95,51,77,7.2,15.0,316,0.0,0.0,0.0,0.0,13.54,36000.0,3,18.7
2022-01-13,18.6,7.7,12.6,18.7,5.3,95,52,78,6.3,7.4,1,0.0,0.0,0.0,0.0,14.64,36000.0,2,18.3
2022-01-14,19.0,7.4,12.6,18.3,5.3,95,52,78,5.8,10.5,2,0.0,0.0,0.0,0.0,14.72,36000.0,0,16.1
2022-01-15,17.6,7.6,11.8,16.1,5.5,95,54,79,5.6,13.4,327,0.0,0.0,0.0,0.0,14.94,36000.0,0,16.7
2022-01-16,17.4,5.9,10.8,16.7,3.7,98,60,84,5.9,11.0,325,0.0,0.0,0.0,0.0,14.96,36000.0,0,17.0
2022-01-17,17.6,6.4,11.0,17.0,4.6,99,62,86,5.6,11.2,4,0.0,0.0,0.0,0.0,15.0,36000.0,3,15.0
2022-01-18,16.4,5.7,10.0,15.0,4.2,100,62,86,5.6,12.8,287,0.0,0.0,0.0,0.0,12.38,25436.35,3,15.8
2022-01-19,16.4,5.1,10.0,15.8,2.6,100,68,89,5.6,11.9,274,0.0,0.0,0.0,0.0,11.88,26615.34,3,18.9
2022-01-20,19.2,5.7,12.2,18.9,4.1,100,60,86,7.1,13.2,99,1.5,1.5,0.0,2.0,13.3,27342.05,55,21.5
2022-01-21,21.0,10.1,14.6,21.5,8.6,97,60,84,5.9,10.7,47,0.1,0.1,0.0,1.0,15.12,36000.0,51,21.6
2022-01-22,21.8,11.6,15.6,21.6,10.5,95,61,85,10.6,19.9,110,3.3,3.3,0.0,6.0,10.43,24421.79,61,24.0
2022-01-23,22.6,12.4,16.3,24.0,12.1,99,52,83,8.4,13.9,290,0.0,0.0,0.0,0.0,12.63,30477.79,3,17.5
2022-01-24,19.5,11.1,14.8,17.5,9.8,97,43,76,7.6,16.3,303,0.0,0.0,0.0,0.0,15.15,36000.0,3,16.8
2022-01-25,18.5,8.1,13.6,16.8,6.2,96,45,72,7.6,15.2,305,0.0,0.0,0.0,0.0,14.83,36000.0,3,15.0
2022-01-26,18.0,8.4,12.7,15.0,7.0,96,44,72,10.0,19.5,300,0.0,0.0,0.0,0.0,13.91,34906.91,3,15.6
2022-01-27,18.6,7.6,12.2,15.6,5.6,94,47,75,11.0,20.8,290,0.0,0.0,0.0,0.0,14.87,36000.0,3,16.2
2022-01-28,19.0,7.9,12.5,16.2,5.6,91,41,70,9.9,19.5,274,0.0,0.0,0.0,0.0,16.57,36000.0,0,18.7
2022-01-29,20.4,6.5,12.8,18.7,4.2,90,44,72,7.1,14.8,276,0.0,0.0,0.0,0.0,16.41,36139.98,0,20.9
2022-01-30,23.0,9.3,15.1,20.9,7.1,90,40,71,10.1,19.2,273,0.0,0.0,0.0,0.0,16.66,36125.24,0,24.0
2022-01-31,23.8,8.5,15.3,24.0,6.7,95,43,77,6.2,10.1,309,0.0,0.0,0.0,0.0,16.59,36109.8,0,24.0
2022-02-01,24.8,9.0,16.3,24.0,7.7,100,43,79,9.4,17.9,273,0.0,0.0,0.0,0.0,16.44,36000.0,3,23.7
2022-02-02,22.7,10.8,16.2,23.7,9.7,98,48,76,8.4,13.6,5,0.0,0.0,0.0,0.0,16.88,36077.0,0,26.1
2022-02-03,27.0,12.6,18.0,26.1,10.5,98,41,74,13.0,25.3,117,0.1,0.1,0.0,1.0,16.19,36000.0,51,17.9
2022-02-04,20.5,11.4,15.3,17.9,9.9,100,43,74,13.0,23.0,296,0.0,0.0,0.0,0.0,16.05,32793.7,3,19.1
2022-02-05,20.2,8.2,13.5,19.1,7.0,100,43,77,7.4,15.0,322,0.0,0.0,0.0,0.0,17.22,36000.0,3,21.0
2022-02-06,21.4,7.5,13.9,21.0,6.1,100,44,77,5.9,10.7,357,0.0,0.0,0.0,0.0,17.42,36000.0,3,24.5
2022-02-07,23.5,7.9,15.1,24.5,6.0,100,47,79,6.0,9.8,104,0.0,0.0,0.0,0.0,17.46,36522.29,0,26.7
2022-02-08,25.4,10.6,17.4,26.7,9.5,96,42,74,7.9,12.8,104,0.0,0.0,0.0,0.0,17.39,36501.36,0,26.1
2022-02-09,24.4,13.4,17.7,26.1,12.7,95,54,79,11.4,20.8,51,0.4,0.4,0.0,2.0,16.07,36212.29,51,21.2
2022-02-10,22.0,11.1,15.7,21.2,10.2,97,45,76,9.6,18.8,322,0.0,0.0,0.0,0.0,17.79,36458.22,0,19.5
2022-02-11,22.4,10.2,15.7,19.5,8.8,91,33,64,11.2,21.5,290,0.0,0.0,0.0,0.0,18.47,36702.8,0,20.7
2022-02-12,22.7,9.9,15.3,20.7,7.9,87,33,64,9.8,19.5,287,0.0,0.0,0.0,0.0,18.77,36946.12,0,23.2
2022-02-13,23.4,8.3,15.6,23.2,6.8,91,34,65,7.0,10.7,344,0.0,0.0,0.0,0.0,18.71,36922.09,0,23.9
2022-02-14,23.8,9.4,16.0,23.9,8.3,95,36,69,6.1,9.4,70,0.0,0.0,0.0,0.0,18.8,37162.73,0,24.4
2022-02-15,24.3,11.2,16.9,24.4,9.9,92,36,67,6.5,12.1,16,0.0,0.0,0.0,0.0,18.74,37136.83,0,25.4
2022-02-16,25.9,10.9,18.3,25.4,10.2,91,28,61,7.6,14.8,320,0.0,0.0,0.0,0.0,18.77,37374.84,0,25.8
2022-02-17,27.0,10.9,18.9,25.8,9.4,87,22,52,7.9,15.9,312,0.0,0.0,0.0,0.0,19.14,37347.31,0,27.0
2022-02-18,28.0,11.3,19.4,27.0,9.1,76,22,48,6.1,13.2,273,0.0,0.0,0.0,0.0,19.08,37582.98,0,27.3
2022-02-19,28.5,12.9,20.3,27.3,11.5,77,26,51,10.2,19.0,300,0.0,0.0,0.0,0.0,18.33,37554.04,3,23.9
2022-02-20,27.0,14.1,19.9,23.9,12.4,74,24,49,14.6,26.2,284,0.0,0.0,0.0,0.0,19.36,37883.05,1,24.4
2022-02-21,26.1,12.1,19.3,24.4,11.1,84,25,52,7.6,16.6,280,0.0,0.0,0.0,0.0,19.76,38095.58,0,27.3
2022-02-22,29.1,11.5,20.6,27.3,10.2,86,26,50,12.3,19.9,111,0.0,0.0,0.0,0.0,19.53,38045.13,0,30.5
2022-02-23,29.8,15.9,22.3,30.5,13.5,66,32,48,12.8,21.3,95,0.0,0.0,0.0,0.0,19.48,38219.92,3,29.4
2022-02-24,29.9,16.1,22.3,29.4,16.1,89,28,59,7.3,16.1,37,0.0,0.0,0.0,0.0,18.61,37770.32,3,28.3
2022-02-25,28.4,15.1,21.6,28.3,15.3,93,29,56,6.5,14.3,19,0.0,0.0,0.0,0.0,19.36,38414.87,0,29.4
2022-02-26,30.4,15.8,22.5,29.4,13.8,70,26,48,10.9,21.9,89,0.0,0.0,0.0,0.0,19.48,38646.14,3,29.0
2022-02-27,28.0,16.4,21.8,29.0,16.0,77,42,60,9.2,18.1,24,0.0,0.0,0.0,0.0,19.8,38834.05,0,26.1
2022-02-28,26.8,15.1,20.1,26.1,13.5,87,29,58,7.9,16.6,317,0.0,0.0,0.0,0.0,20.45,39301.96,0,27.2
2022-03-01,27.2,11.7,19.1,27.2,10.5,90,28,59,6.0,11.4,323,0.0,0.0,0.0,0.0,20.62,39658.18,0,28.7
2022-03-02,28.0,12.1,20.2,28.7,11.4,87,31,57,6.2,9.8,324,0.0,0.0,0.0,0.0,20.55,39695.59,0,29.9
2022-03-03,29.5,13.1,21.1,29.9,12.4,89,25,54,5.2,10.5,103,0.0,0.0,0.0,0.0,20.7,39733.39,0,32.6
2022-03-04,31.2,16.0,23.3,32.6,15.3,76,26,50,9.8,17.7,0,0.0,0.0,0.0,0.0,19.84,34850.93,3,27.6
2022-03-05,28.5,16.1,21.8,27.6,15.5,82,30,56,9.4,19.0,304,0.0,0.0,0.0,0.0,21.34,40068.2,0,29.7
2022-03-06,28.8,13.8,21.1,29.7,13.4,91,30,58,5.4,10.3,328,0.0,0.0,0.0,0.0,21.46,40365.76,0,31.4
2022-03-07,30.1,14.9,22.2,31.4,14.8,86,28,57,6.1,10.7,39,0.0,0.0,0.0,0.0,20.41,40407.09,3,30.9
2022-03-08,31.2,14.4,22.6,30.9,14.2,89,22,54,8.2,16.3,321,0.0,0.0,0.0,0.0,21.03,39662.32,3,32.2
2022-03-09,32.9,16.7,24.6,32.2,15.9,78,22,46,9.4,18.1,310,0.0,0.0,0.0,0.0,21.2,40159.4,3,32.2
2022-03-10,32.4,17.9,24.3,32.2,17.2,68,26,48,12.8,24.8,308,0.0,0.0,0.0,0.0,20.82,40399.47,3,30.5
2022-03-11,32.3,17.5,24.4,30.5,17.4,74,20,45,11.9,23.0,309,0.0,0.0,0.0,0.0,21.68,40639.46,0,30.9
2022-03-12,31.8,17.3,23.9,30.9,16.3,68,24,46,9.5,19.9,304,0.0,0.0,0.0,0.0,22.24,40879.37,0,32.7
2022-03-13,32.9,15.9,24.6,32.7,14.9,71,23,46,6.6,14.8,286,0.0,0.0,0.0,0.0,22.17,40607.25,0,35.6
2022-03-14,35.5,18.1,26.3,35.6,17.9,71,24,48,9.4,18.6,281,0.0,0.0,0.0,0.0,21.88,40847.38,0,36.9
2022-03-15,35.2,18.9,26.9,36.9,20.1,84,29,55,9.1,17.7,315,0.0,0.0,0.0,0.0,21.92,40831.77,2,36.6
2022-03-16,36.7,20.9,28.4,36.6,22.2,77,21,49,11.8,22.1,288,0.0,0.0,0.0,0.0,22.28,41072.03,2,39.5
2022-03-17,36.2,21.1,28.4,39.5,22.3,73,32,52,7.2,15.2,359,0.0,0.0,0.0,0.0,21.73,40801.23,2,38.9
2022-03-18,36.3,22.8,29.7,38.9,25.0,77,32,51,7.3,15.0,61,0.0,0.0,0.0,0.0,21.29,40786.28,2,39.9
2022-03-19,37.0,23.2,30.1,39.9,25.6,75,29,48,6.8,14.8,1,0.0,0.0,0.0,0.0,20.53,40516.1,1,38.8
2022-03-20,38.3,21.7,29.8,38.8,23.2,78,18,42,10.9,19.9,331,0.0,0.0,0.0,0.0,20.9,41012.3,2,36.6
2022-03-21,38.5,21.8,30.2,36.6,21.6,58,11,27,10.9,21.0,285,0.0,0.0,0.0,0.0,23.11,41253.17,3,36.2
2022-03-22,38.0,22.3,29.6,36.2,20.7,44,13,28,12.0,22.1,302,0.0,0.0,0.0,0.0,23.12,41494.15,0,36.0
2022-03-23,37.0,20.4,28.8,36.0,19.4,51,13,30,11.1,20.8,303,0.0,0.0,0.0,0.0,23.42,41224.69,0,36.7
2022-03-24,37.9,20.8,29.3,36.7,20.0,54,14,32,14.9,26.4,276,0.0,0.0,0.0,0.0,19.67,39487.54,3,36.9
2022-03-25,37.8,22.0,29.7,36.9,20.9,51,14,28,11.2,21.7,296,0.0,0.0,0.0,0.0,22.76,38768.0,2,33.9
2022-03-26,37.5,22.4,29.6,33.9,20.4,40,11,23,16.8,30.0,300,0.0,0.0,0.0,0.0,23.9,41694.22,0,35.7
2022-03-27,38.8,20.4,29.4,35.7,18.5,45,10,25,13.2,25.7,285,0.0,0.0,0.0,0.0,24.05,41681.11,0,37.0
2022-03-28,39.5,19.7,29.4,37.0,17.6,43,9,23,10.9,21.7,283,0.0,0.0,0.0,0.0,24.17,41668.25,0,38.2
2022-03-29,40.4,21.7,30.8,38.2,18.9,29,9,20,10.1,20.4,291,0.0,0.0,0.0,0.0,24.21,41655.63,0,39.4
2022-03-30,40.3,20.9,30.9,39.4,18.6,46,11,23,7.2,16.6,281,0.0,0.0,0.0,0.0,24.18,41898.9,0,39.9
2022-03-31,40.8,22.5,31.7,39.9,21.3,47,11,26,8.3,16.6,220,0.0,0.0,0.0,0.0,24.08,41886.85,0,40.0
2022-04-01,39.2,23.2,31.2,40.0,20.7,32,18,26,8.5,17.2,303,0.0,0.0,0.0,0.0,23.95,41619.19,0,37.3
2022-04-02,39.1,21.5,30.1,37.3,19.6,38,9,22,9.9,18.1,312,0.0,0.0,0.0,0.0,24.75,42119.44,0,39.6
2022-04-03,40.8,21.4,31.1,39.6,19.4,47,8,21,9.2,18.6,272,0.0,0.0,0.0,0.0,24.65,42108.18,0,38.6
2022-04-04,41.0,21.7,31.3,38.6,18.4,24,6,14,11.0,21.3,279,0.0,0.0,0.0,0.0,25.21,42353.4,0,40.0
2022-04-05,40.5,21.5,30.7,40.0,19.0,30,9,19,9.9,19.5,291,0.0,0.0,0.0,0.0,24.81,42086.23,3,39.5
2022-04-06,40.8,21.5,31.7,39.5,19.0,32,8,19,9.1,18.6,296,0.0,0.0,0.0,0.0,24.88,42075.51,2,40.1
2022-04-07,40.8,21.2,31.3,40.1,19.0,33,8,18,8.4,15.4,270,0.0,0.0,0.0,0.0,24.86,42064.95,3,39.4
2022-04-08,42.0,21.6,31.9,39.4,19.3,33,7,17,10.7,21.3,270,0.0,0.0,0.0,0.0,25.16,42568.56,0,40.2
2022-04-09,42.8,21.3,32.4,40.2,18.3,30,7,16,10.1,20.8,258,0.0,0.0,0.0,0.0,25.16,42301.44,0,40.8
2022-04-10,42.8,24.6,33.7,40.8,21.5,24,8,16,12.8,23.3,303,0.0,0.0,0.0,0.0,24.92,42291.43,0,41.8
2022-04-11,42.9,24.5,33.3,41.8,21.9,43,9,20,8.6,17.7,279,0.0,0.0,0.0,0.0,24.96,42539.24,3,42.2
2022-04-12,43.3,24.5,33.8,42.2,22.3,43,7,21,7.8,14.1,11,0.0,0.0,0.0,0.0,24.27,40083.16,3,43.2
2022-04-13,41.7,25.8,33.1,43.2,26.4,69,16,37,7.5,16.3,339,0.0,0.0,0.0,0.0,22.26,42003.68,3,39.6
2022-04-14,41.4,24.5,32.6,39.6,21.8,30,8,18,14.3,26.8,283,0.0,0.0,0.0,0.0,24.39,42903.16,2,39.4
2022-04-15,41.0,24.0,33.1,39.4,21.6,30,10,18,11.2,19.7,289,0.0,0.0,0.0,0.0,23.49,42501.52,1,40.8
2022-04-16,40.9,24.8,33.2,40.8,22.6,32,9,19,9.8,19.2,292,0.0,0.0,0.0,0.0,23.9,42492.45,3,40.9
2022-04-17,42.5,23.6,33.3,40.9,20.8,32,6,17,10.2,19.0,333,0.0,0.0,0.0,0.0,25.71,43055.9,0,41.8
2022-04-18,43.5,24.2,33.8,41.8,21.6,28,9,18,9.3,19.2,279,0.0,0.0,0.0,0.0,24.4,41203.73,2,41.6
2022-04-19,43.5,26.8,35.2,41.6,24.5,27,10,17,11.0,21.3,299,0.0,0.0,0.0,0.0,24.35,42670.0,1,40.7
2022-04-20,43.3,29.0,35.7,40.7,26.1,26,9,17,12.7,24.6,307,0.0,0.0,0.0,0.0,25.22,42578.19,3,43.1
2022-04-21,40.3,26.6,32.8,43.1,25.5,66,14,34,14.2,31.5,35,0.1,0.1,0.0,1.0,22.1,36649.75,51,39.2
2022-04-22,39.7,26.0,33.1,39.2,26.3,52,13,29,7.6,17.4,285,0.0,0.0,0.0,0.0,24.39,42401.23,2,40.9
2022-04-23,41.5,26.1,33.7,40.9,24.7,37,11,21,10.1,20.6,299,0.0,0.0,0.0,0.0,24.97,42335.16,0,39.0
2022-04-24,41.5,24.6,33.6,39.0,22.5,31,7,18,13.4,24.6,298,0.0,0.0,0.0,0.0,25.28,42732.85,0,39.9
2022-04-25,41.8,25.7,34.3,39.9,23.3,27,10,18,11.2,22.4,281,0.0,0.0,0.0,0.0,25.32,42204.48,0,41.4
2022-04-26,41.7,25.0,34.0,41.4,23.3,35,11,20,9.4,18.3,288,0.0,0.0,0.0,0.0,24.47,42364.61,1,40.9
2022-04-27,43.5,24.5,34.3,40.9,22.9,36,8,19,12.3,24.2,279,0.0,0.0,0.0,0.0,25.23,42520.5,0,43.3
2022-04-28,44.0,25.5,35.2,43.3,23.7,32,8,17,8.9,18.8,294,0.0,0.0,0.0,0.0,25.41,42446.0,0,42.4
2022-04-29,44.8,25.7,36.2,42.4,23.9,31,9,15,13.4,23.9,283,0.0,0.0,0.0,0.0,24.82,41886.52,2,42.4
2022-04-30,44.2,28.1,36.1,42.4,25.5,32,8,17,14.8,26.2,290,0.0,0.0,0.0,0.0,24.81,42125.3,1,43.7
2022-05-01,39.9,27.5,33.1,43.7,28.8,71,17,41,13.4,24.8,81,0.0,0.0,0.0,0.0,22.09,37230.2,3,40.8
2022-05-02,38.9,27.2,33.2,40.8,28.1,62,23,38,16.0,30.6,87,0.5,0.5,0.0,1.0,22.88,40660.36,53,44.2
2022-05-03,41.2,27.1,32.6,44.2,27.7,64,24,44,13.7,31.3,67,0.3,0.3,0.0,1.0,22.88,38289.05,51,43.5
2022-05-04,41.0,26.0,33.2,43.5,28.7,69,17,45,11.1,21.9,77,0.0,0.0,0.0,0.0,21.82,40987.64,2,41.9
2022-05-05,40.6,26.9,33.5,41.9,28.9,64,18,39,9.6,17.9,39,0.0,0.0,0.0,0.0,23.36,41411.13,1,40.5
2022-05-06,39.9,27.1,33.6,40.5,29.8,63,17,37,12.2,22.6,20,0.0,0.0,0.0,0.0,23.08,41565.31,2,41.3
2022-05-07,40.7,26.6,33.8,41.3,29.1,67,14,34,12.5,21.0,38,0.0,0.0,0.0,0.0,22.92,41918.49,2,42.4
2022-05-08,41.3,27.9,34.2,42.4,29.1,53,14,35,11.8,21.7,73,0.0,0.0,0.0,0.0,21.92,41662.59,2,41.8
2022-05-09,39.5,27.2,33.6,41.8,30.0,64,26,44,9.9,19.7,59,0.0,0.0,0.0,0.0,23.14,41482.31,1,42.7
2022-05-10,39.7,28.8,34.1,42.7,31.2,62,26,45,9.4,19.0,54,0.0,0.0,0.0,0.0,23.08,41168.64,1,42.0
2022-05-11,39.3,29.3,34.3,42.0,32.0,59,31,45,11.0,22.4,40,0.0,0.0,0.0,0.0,22.75,41314.81,1,44.1
2022-05-12,42.6,28.9,35.7,44.1,32.6,64,18,39,12.0,23.5,26,0.0,0.0,0.0,0.0,22.6,39592.71,3,43.7
2022-05-13,46.2,29.0,37.6,43.7,32.4,64,7,29,20.1,35.8,329,0.0,0.0,0.0,0.0,23.13,41757.39,3,46.0
2022-05-14,46.3,28.8,37.6,46.0,27.7,33,8,18,12.4,22.4,346,0.0,0.0,0.0,0.0,24.87,42175.35,0,45.6
2022-05-15,46.7,29.9,38.1,45.6,32.0,54,7,24,12.8,23.9,235,0.0,0.0,0.0,0.0,24.62,41476.55,3,43.0
2022-05-16,44.4,32.2,37.7,43.0,30.5,35,11,19,13.4,25.5,267,0.0,0.0,0.0,0.0,22.35,38275.29,3,42.0
2022-05-17,43.3,28.0,36.1,42.0,25.8,25,9,15,10.1,23.0,285,0.0,0.0,0.0,0.0,25.03,41955.58,2,43.7
2022-05-18,43.3,28.8,36.2,43.7,29.1,48,10,27,13.9,26.2,352,0.0,0.0,0.0,0.0,21.89,40314.78,3,43.0
2022-05-19,44.3,28.5,36.5,43.0,29.2,50,9,25,14.1,24.4,286,0.0,0.0,0.0,0.0,23.98,41588.3,1,43.7
2022-05-20,46.0,28.0,37.7,43.7,26.7,50,9,20,11.4,22.8,308,0.0,0.0,0.0,0.0,24.35,41943.79,1,43.4
2022-05-21,42.5,29.4,35.5,43.4,32.3,64,14,35,14.2,27.3,52,0.0,0.0,0.0,0.0,21.77,39600.0,3,40.4
2022-05-22,41.2,30.4,35.5,40.4,28.7,41,16,24,16.3,29.3,298,0.0,0.0,0.0,0.0,21.69,37484.91,3,41.5
2022-05-23,39.4,26.1,29.4,41.5,25.4,75,23,58,28.4,51.9,106,4.8,4.8,0.0,3.0,17.31,30577.95,63,38.3
2022-05-24,35.7,22.6,28.7,38.3,26.5,93,32,61,7.5,15.7,46,1.0,1.0,0.0,2.0,22.91,37086.58,53,37.7
2022-05-25,33.8,23.9,29.1,37.7,27.6,85,38,59,13.1,27.5,252,4.9,4.9,0.0,2.0,21.43,40285.53,63,39.8
2022-05-26,38.7,25.5,32.0,39.8,28.8,78,25,49,11.7,21.9,276,0.0,0.0,0.0,0.0,22.72,40441.55,1,41.6
2022-05-27,39.9,26.7,33.3,41.6,29.9,70,25,42,13.8,26.4,288,0.0,0.0,0.0,0.0,22.19,39863.09,2,42.7
2022-05-28,41.1,28.5,34.1,42.7,30.5,58,24,41,11.5,22.1,266,0.0,0.0,0.0,0.0,21.87,37625.86,3,42.6
2022-05-29,40.9,28.0,34.8,42.6,30.5,58,24,40,13.1,26.4,278,0.0,0.0,0.0,0.0,20.48,40578.52,2,43.5
2022-05-30,40.6,27.5,34.1,43.5,31.7,71,23,45,12.0,22.1,1,0.0,0.0,0.0,0.0,22.91,40293.72,3,43.3
2022-05-31,42.6,28.7,35.0,43.3,30.5,69,13,38,12.4,23.5,316,0.0,0.0,0.0,0.0,22.41,41285.7,3,41.6
2022-06-01,42.5,27.0,35.1,41.6,27.9,54,14,30,13.7,25.5,332,0.0,0.0,0.0,0.0,24.05,42483.76,3,42.3
2022-06-02,43.0,27.9,35.7,42.3,28.4,54,14,29,13.5,25.1,323,0.0,0.0,0.0,0.0,23.34,41914.89,3,44.0
2022-06-03,43.1,27.9,36.0,44.0,28.1,42,13,26,7.8,16.3,312,0.0,0.0,0.0,0.0,23.28,39774.16,3,46.0
2022-06-04,43.8,28.5,36.5,46.0,28.7,41,12,25,10.5,19.7,256,0.0,0.0,0.0,0.0,20.26,39770.76,3,44.8
2022-06-05,44.0,27.5,36.4,44.8,26.4,41,12,23,7.4,14.3,333,0.0,0.0,0.0,0.0,24.89,41827.01,3,43.0
2022-06-06,44.6,28.2,36.7,43.0,27.9,42,9,21,15.0,24.8,286,0.0,0.0,0.0,0.0,24.72,39960.73,1,43.0
2022-06-07,44.4,28.2,36.9,43.0,26.7,29,12,20,13.9,27.1,299,0.0,0.0,0.0,0.0,23.17,40023.22,3,42.1
2022-06-08,44.7,29.1,37.0,42.1,29.6,41,12,22,16.0,30.2,308,0.0,0.0,0.0,0.0,22.73,34653.51,3,42.8
2022-06-09,44.3,29.3,37.1,42.8,27.3,28,11,19,13.6,25.9,278,0.0,0.0,0.0,0.0,24.99,40611.04,3,43.6
2022-06-10,44.0,30.0,37.3,43.6,29.6,34,14,23,10.8,18.1,303,0.0,0.0,0.0,0.0,22.69,40148.51,3,43.3
2022-06-11,43.8,32.1,37.9,43.3,31.0,36,13,22,13.2,24.6,291,0.0,0.0,0.0,0.0,21.44,41192.06,3,43.7
2022-06-12,44.1,31.5,37.7,43.7,30.3,38,13,23,13.3,23.9,278,0.0,0.0,0.0,0.0,23.57,42793.6,1,42.7
2022-06-13,42.4,33.3,37.6,42.7,34.2,46,21,32,16.8,31.3,255,0.1,0.1,0.0,1.0,21.22,41974.94,51,44.3
2022-06-14,43.3,33.1,38.0,44.3,34.0,45,22,32,13.3,25.7,267,0.1,0.1,0.0,1.0,23.17,41163.43,51,44.5
2022-06-15,40.4,30.5,36.3,44.5,34.3,69,30,39,12.4,27.1,266,4.4,4.4,0.0,1.0,19.19,34464.25,63,43.8
2022-06-16,41.9,27.5,33.4,43.8,29.8,88,22,55,15.3,24.8,232,2.2,2.2,0.0,2.0,21.98,37616.05,61,41.4
2022-06-17,38.0,28.6,32.1,41.4,32.9,77,39,59,12.0,23.5,248,1.7,1.7,0.0,3.0,20.64,38571.46,55,39.8
2022-06-18,35.1,28.6,31.3,39.8,32.9,77,49,63,13.0,24.6,263,10.9,10.9,0.0,7.0,18.05,30106.08,63,41.6
2022-06-19,37.4,27.0,31.1,41.6,30.9,77,40,61,12.1,30.9,265,0.8,0.8,0.0,2.0,22.3,39509.37,53,39.4
2022-06-20,37.1,26.2,31.4,39.4,30.8,87,35,59,11.8,22.4,253,0.2,0.2,0.0,2.0,22.26,38478.93,51,41.5
2022-06-21,36.2,26.5,31.5,41.5,30.4,84,38,59,8.3,17.2,258,0.2,0.2,0.0,2.0,22.14,41775.57,51,42.8
2022-06-22,38.5,27.8,33.4,42.8,32.6,76,35,52,7.0,15.4,25,0.0,0.0,0.0,0.0,23.04,41580.73,3,42.3
2022-06-23,39.5,29.5,34.5,42.3,34.0,67,31,48,8.2,17.7,29,0.1,0.1,0.0,1.0,23.31,40938.54,51,42.3
2022-06-24,40.0,28.6,34.5,42.3,32.8,73,26,43,10.5,18.3,320,0.0,0.0,0.0,0.0,24.66,41963.12,3,43.0
2022-06-25,40.1,28.9,34.1,43.0,31.0,63,30,48,10.8,23.9,69,0.2,0.2,0.0,1.0,22.95,39259.1,51,42.6
2022-06-26,38.8,30.3,34.5,42.6,35.1,71,39,54,13.3,25.7,100,0.7,0.7,0.0,2.0,21.89,40271.21,53,43.5
2022-06-27,38.5,28.6,34.1,43.5,33.9,82,40,55,9.4,21.0,104,3.1,3.1,0.0,5.0,17.88,28221.3,61,44.1
2022-06-28,40.4,28.4,34.9,44.1,33.2,85,34,53,10.3,17.9,215,8.7,8.7,0.0,6.0,16.38,23419.44,63,37.9
2022-06-29,32.8,27.6,29.9,37.9,33.8,92,62,78,11.0,21.9,218,30.6,30.6,0.0,10.0,9.34,8855.82,65,35.4
2022-06-30,28.8,25.8,27.0,35.4,30.4,96,80,90,7.8,15.7,180,37.7,37.7,0.0,22.0,5.42,0.0,63,39.2
2022-07-01,33.2,25.5,29.4,39.2,31.8,97,61,79,5.7,13.2,208,4.1,4.1,0.0,11.0,17.1,32191.27,61,39.3
2022-07-02,33.2,26.8,29.3,39.3,32.6,97,62,81,8.1,18.8,187,17.3,17.3,0.0,7.0,14.18,25115.07,65,40.0
2022-07-03,33.0,26.1,29.6,40.0,31.8,96,62,79,7.9,14.3,87,11.3,11.3,0.0,12.0,17.49,24253.52,65,41.0
2022-07-04,35.0,26.8,30.8,41.0,31.9,93,55,74,11.9,20.8,77,6.9,6.9,0.0,10.0,22.54,41679.66,63,42.3
2022-07-05,36.2,26.5,31.5,42.3,32.5,95,54,71,10.5,20.8,103,0.2,0.2,0.0,2.0,23.14,43201.91,51,41.2
2022-07-06,34.4,28.5,31.7,41.2,34.2,86,55,70,10.5,21.7,87,17.4,17.4,0.0,10.0,21.06,39528.7,63,40.5
2022-07-07,35.2,29.0,32.1,40.5,33.1,77,52,64,12.8,23.9,99,0.3,0.3,0.0,3.0,22.64,43401.62,51,42.8
2022-07-08,36.3,28.1,32.6,42.8,33.8,83,47,64,7.2,15.4,88,0.1,0.1,0.0,1.0,23.1,43712.69,51,40.8
2022-07-09,35.8,27.3,31.9,40.8,33.1,85,52,65,11.5,21.7,71,0.4,0.4,0.0,2.0,19.28,34833.67,51,42.0
2022-07-10,37.2,25.7,32.6,42.0,32.0,93,41,60,10.0,21.3,80,6.0,6.0,0.0,3.0,24.12,43654.8,63,42.3
2022-07-11,37.3,29.6,33.3,42.3,33.7,68,44,56,9.3,19.5,77,0.1,0.1,0.0,1.0,23.14,42309.32,51,42.6
2022-07-12,37.5,30.2,33.7,42.6,34.2,70,44,56,10.8,21.3,72,0.0,0.0,0.0,0.0,22.7,42778.22,3,41.8
2022-07-13,38.4,30.0,34.2,41.8,34.2,70,39,52,13.6,25.3,76,0.1,0.1,0.0,1.0,23.73,43895.85,51,40.9
2022-07-14,38.6,30.1,34.1,40.9,32.8,67,38,52,17.6,32.7,89,0.1,0.1,0.0,1.0,24.25,43245.03,51,40.9
2022-07-15,38.0,29.3,32.6,40.9,32.8,75,41,58,17.3,31.8,101,1.3,1.3,0.0,2.0,22.43,41171.21,53,40.0
2022-07-16,35.2,27.6,30.4,40.0,33.3,91,51,73,9.3,20.6,110,33.4,33.4,0.0,8.0,18.28,37911.15,65,41.9
2022-07-17,37.3,26.8,32.4,41.9,33.4,97,46,66,11.3,22.1,74,4.0,4.0,0.0,5.0,23.74,43744.78,63,40.9
2022-07-18,37.3,30.4,33.4,40.9,34.3,69,43,57,13.5,25.9,88,0.6,0.6,0.0,4.0,23.76,42644.14,51,43.2
2022-07-19,37.6,29.4,33.4,43.2,34.4,72,42,57,5.8,15.0,114,0.4,0.4,0.0,4.0,23.94,44236.25,51,43.0
2022-07-20,35.7,27.7,30.2,43.0,34.4,93,58,78,11.7,23.3,252,25.4,25.4,0.0,11.0,11.43,13199.41,65,38.5
2022-07-21,32.2,25.5,28.4,38.5,30.7,95,64,84,8.8,18.3,301,19.2,19.2,0.0,15.0,11.56,4677.62,63,37.7
2022-07-22,31.5,25.9,28.0,37.7,31.3,96,67,85,8.6,16.3,39,18.6,18.6,0.0,18.0,13.68,18471.34,63,38.7
2022-07-23,34.1,25.2,28.9,38.7,30.2,97,57,81,12.1,23.9,106,22.7,22.7,0.0,21.0,18.59,30168.52,65,39.3
2022-07-24,34.1,25.7,28.7,39.3,30.5,95,59,82,11.7,24.4,101,26.6,26.6,0.0,10.0,21.15,39754.88,65,37.2
2022-07-25,32.0,25.2,27.4,37.2,30.0,96,66,87,10.5,21.0,112,21.4,21.4,0.0,22.0,14.59,17698.19,63,39.0
2022-07-26,32.7,25.1,28.0,39.0,30.2,97,62,83,7.9,15.9,130,7.6,7.6,0.0,17.0,17.75,29206.15,63,37.9
2022-07-27,31.7,25.1,27.9,37.9,30.8,98,66,85,6.3,13.4,184,17.4,17.4,0.0,15.0,13.96,13880.38,63,37.8
2022-07-28,31.5,25.0,27.7,37.8,29.8,96,68,86,8.5,17.9,247,15.9,15.9,0.0,17.0,16.68,27228.88,63,36.1
2022-07-29,31.2,25.2,27.9,36.1,29.7,95,69,83,8.3,16.1,272,18.3,18.3,0.0,15.0,14.98,23524.62,63,35.5
2022-07-30,30.0,25.7,27.6,35.5,31.3,98,74,88,10.1,19.2,247,16.9,16.9,0.0,22.0,13.72,18143.53,63,38.3
2022-07-31,33.5,26.2,29.8,38.3,31.8,95,53,73,9.4,18.1,255,0.5,0.5,0.0,4.0,21.41,40390.9,51,38.8
2022-08-01,34.1,26.9,30.3,38.8,31.4,82,52,68,9.2,18.3,264,0.3,0.3,0.0,3.0,23.26,42903.04,51,37.6
2022-08-02,32.5,27.4,29.4,37.6,32.0,88,64,77,8.3,16.8,259,2.9,2.9,0.0,4.0,14.79,22452.4,61,39.8
2022-08-03,32.1,25.7,28.5,39.8,30.9,95,66,84,5.7,10.3,299,17.9,17.9,0.0,19.0,15.57,22804.35,63,41.1
2022-08-04,33.3,26.4,28.8,41.1,32.2,98,63,84,8.5,15.9,107,7.5,7.5,0.0,6.0,18.15,22914.6,63,39.4
2022-08-05,32.8,25.9,29.0,39.4,31.0,96,64,83,7.2,14.8,80,6.6,6.6,0.0,8.0,15.97,30112.49,63,42.2
2022-08-06,33.2,26.9,29.4,42.2,33.8,97,66,85,5.1,12.1,69,9.8,9.8,0.0,9.0,19.01,34183.6,63,38.4
2022-08-07,32.5,25.4,28.1,38.4,30.6,95,67,86,8.7,17.2,70,8.9,8.9,0.0,13.0,13.53,15178.83,61,39.9
2022-08-08,33.5,25.7,29.2,39.9,31.6,98,63,83,13.5,25.1,55,9.1,9.1,0.0,9.0,19.57,39918.07,63,39.2
2022-08-09,34.1,27.7,30.7,39.2,32.7,86,59,73,15.0,29.1,76,0.2,0.2,0.0,2.0,22.74,43348.32,51,34.5
2022-08-10,32.5,28.0,29.7,34.5,30.7,80,59,72,20.2,35.6,77,0.6,0.6,0.0,5.0,19.08,37105.1,51,36.3
2022-08-11,32.7,25.9,28.2,36.3,29.2,92,63,81,16.6,33.1,90,7.7,7.7,0.0,16.0,13.88,17828.38,61,38.6
2022-08-12,31.9,25.2,27.8,38.6,28.9,98,66,83,12.8,21.9,117,10.5,10.5,0.0,16.0,16.24,24133.52,63,40.5
2022-08-13,32.8,24.6,27.9,40.5,29.3,97,65,85,6.3,13.2,273,27.0,27.0,0.0,17.0,18.21,32922.67,65,37.0
2022-08-14,31.0,25.5,27.5,37.0,30.7,97,71,87,10.0,19.9,35,32.3,32.3,0.0,19.0,13.37,19592.07,65,33.3
2022-08-15,30.2,25.4,27.3,33.3,28.3,95,69,82,20.6,37.6,66,14.1,14.1,0.0,16.0,13.66,26644.13,63,36.6
2022-08-16,32.6,26.4,28.2,36.6,27.9,83,60,75,17.5,29.1,135,2.0,2.0,0.0,8.0,16.67,28076.18,53,37.8
2022-08-17,32.3,25.1,28.8,37.8,29.8,89,59,74,7.2,15.0,204,0.4,0.4,0.0,4.0,21.79,42987.07,51,37.5
2022-08-18,33.3,26.5,29.6,37.5,31.4,88,56,72,11.6,21.0,263,0.5,0.5,0.0,5.0,22.23,43082.58,51,39.0
2022-08-19,33.5,26.5,29.4,39.0,30.9,91,58,75,11.2,21.3,283,5.9,5.9,0.0,12.0,20.93,42409.64,61,39.1
2022-08-20,32.5,25.1,27.4,39.1,29.8,97,68,86,10.3,19.5,344,45.9,45.9,0.0,18.0,15.06,18595.31,65,33.7
2022-08-21,30.6,24.8,26.9,33.7,27.7,96,70,87,18.7,36.7,38,30.0,30.0,0.0,20.0,10.11,9051.67,63,35.0
2022-08-22,32.0,25.1,28.4,35.0,27.7,93,62,77,17.5,34.2,101,1.5,1.5,0.0,9.0,19.81,43163.44,51,36.4
2022-08-23,32.2,25.0,28.6,36.4,27.0,83,60,71,11.0,20.8,164,0.3,0.3,0.0,3.0,21.06,42472.03,51,38.4
2022-08-24,31.6,24.7,27.4,38.4,29.4,97,64,84,6.1,13.9,182,5.1,5.1,0.0,8.0,17.15,29985.05,63,35.5
2022-08-25,29.1,25.1,26.9,35.5,31.1,97,79,88,6.1,12.8,281,8.4,8.4,0.0,10.0,11.43,11655.52,63,37.9
2022-08-26,31.4,25.0,27.6,37.9,29.9,97,69,85,7.6,15.2,286,6.1,6.1,0.0,17.0,15.79,35800.8,55,39.5
2022-08-27,32.5,24.8,27.8,39.5,29.6,97,69,86,9.8,21.0,265,24.7,24.7,0.0,14.0,19.34,36672.75,65,39.0
2022-08-28,32.5,25.7,28.3,39.0,31.5,96,65,83,7.6,14.3,274,9.2,9.2,0.0,6.0,15.72,20641.38,63,38.0
2022-08-29,30.9,25.0,27.1,38.0,30.1,98,74,90,6.0,16.6,289,11.5,11.5,0.0,17.0,14.27,28954.09,63,40.2
2022-08-30,32.2,25.5,28.4,40.2,31.5,98,68,85,3.8,10.3,236,1.2,1.2,0.0,7.0,19.45,30478.53,53,40.4
2022-08-31,32.8,26.1,29.1,40.4,32.3,97,68,83,6.5,13.6,246,1.5,1.5,0.0,6.0,18.64,32396.49,53,41.2
2022-09-01,33.0,25.8,28.3,41.2,31.6,97,69,87,7.1,17.2,215,19.3,19.3,0.0,15.0,14.85,21073.97,63,39.2
2022-09-02,31.6,25.9,28.5,39.2,32.5,99,71,88,6.5,17.0,246,6.1,6.1,0.0,11.0,16.38,23206.7,63,39.8
2022-09-03,33.6,26.3,29.6,39.8,31.3,90,61,79,9.3,18.6,255,0.5,0.5,0.0,4.0,20.75,39600.0,51,40.4
2022-09-04,34.3,26.5,29.9,40.4,31.2,89,54,75,8.6,16.6,264,0.0,0.0,0.0,0.0,22.23,41635.15,3,40.2
2022-09-05,33.8,26.2,29.7,40.2,30.9,87,55,75,6.9,14.3,271,0.0,0.0,0.0,0.0,22.5,41407.59,2,40.5
2022-09-06,34.0,25.6,29.8,40.5,31.1,93,52,75,5.9,11.4,276,0.0,0.0,0.0,0.0,22.11,41180.88,3,40.9
2022-09-07,34.2,26.0,30.2,40.9,31.6,91,55,73,5.7,11.2,59,0.0,0.0,0.0,0.0,21.98,40954.95,3,40.1
2022-09-08,33.2,26.3,29.2,40.1,32.0,95,64,81,8.1,16.1,79,2.4,2.4,0.0,9.0,20.93,39600.0,53,40.5
2022-09-09,33.5,26.5,29.5,40.5,32.3,95,63,81,9.5,19.0,78,0.5,0.5,0.0,4.0,19.32,34730.41,51,39.6
2022-09-10,33.0,26.3,29.1,39.6,31.7,93,63,80,8.1,17.0,66,0.6,0.6,0.0,3.0,20.09,39600.0,51,38.2
2022-09-11,33.2,26.5,29.5,38.2,31.6,92,58,77,11.7,21.9,68,0.3,0.3,0.0,1.0,21.02,39801.95,51,35.1
2022-09-12,31.4,26.1,28.0,35.1,29.0,87,66,80,14.4,27.5,69,3.9,3.9,0.0,10.0,17.0,32190.33,61,32.2
2022-09-13,30.0,25.0,26.6,32.2,28.0,95,72,86,17.4,33.6,87,6.4,6.4,0.0,16.0,12.32,22807.51,61,34.1
2022-09-14,30.2,24.6,26.5,34.1,28.3,97,69,89,13.1,25.1,122,23.2,23.2,0.0,20.0,11.42,17781.65,63,31.3
2022-09-15,27.4,24.5,25.6,31.3,27.6,94,86,92,15.2,26.8,199,57.4,57.4,0.0,24.0,8.89,8496.17,63,35.1
2022-09-16,30.5,24.7,26.6,35.1,27.4,94,71,87,14.6,25.5,237,14.1,14.1,0.0,16.0,14.55,28081.89,63,36.4
2022-09-17,30.9,24.5,26.7,36.4,29.8,98,70,87,7.5,17.2,262,3.6,3.6,0.0,4.0,12.73,23163.82,63,38.5
2022-09-18,32.8,23.9,28.1,38.5,27.7,92,60,79,10.3,17.0,284,0.1,0.1,0.0,1.0,20.81,39600.0,51,40.1
2022-09-19,31.8,24.5,27.9,40.1,29.6,97,69,83,8.5,14.3,294,1.3,1.3,0.0,7.0,19.55,39600.0,51,37.9
2022-09-20,31.6,25.0,27.7,37.9,30.7,98,66,86,11.6,21.3,44,6.2,6.2,0.0,9.0,15.86,39531.52,63,33.7
2022-09-21,29.6,24.4,25.7,33.7,28.3,97,74,92,10.7,20.4,82,52.7,52.7,0.0,24.0,8.4,7591.29,63,33.9
2022-09-22,29.6,24.2,26.1,33.9,28.7,97,75,90,11.4,20.6,118,15.9,15.9,0.0,16.0,10.62,16164.72,63,36.6
2022-09-23,31.5,24.6,27.5,36.6,29.7,97,64,82,11.2,23.3,149,5.1,5.1,0.0,9.0,17.19,33254.79,61,34.8
2022-09-24,30.6,24.9,27.2,34.8,28.8,88,66,79,13.0,23.3,193,0.7,0.7,0.0,4.0,16.53,39600.0,51,37.7
2022-09-25,31.4,24.0,26.6,37.7,27.3,96,66,86,10.6,17.7,189,20.3,20.3,0.0,12.0,16.6,31861.91,63,38.5
2022-09-26,31.6,24.0,27.1,38.5,28.9,98,67,85,6.8,17.2,285,2.4,2.4,0.0,9.0,17.46,38820.88,55,36.9
2022-09-27,32.3,24.5,27.8,36.9,29.7,97,56,79,9.2,16.8,311,0.1,0.1,0.0,1.0,20.04,39600.0,51,37.3
2022-09-28,32.5,23.5,28.0,37.3,28.2,96,54,76,8.3,15.2,313,0.0,0.0,0.0,0.0,20.06,39600.0,0,38.0
2022-09-29,33.4,23.6,28.0,38.0,28.1,95,47,74,8.4,15.4,297,0.0,0.0,0.0,0.0,20.45,39600.0,0,37.3
2022-09-30,32.1,23.5,27.2,37.3,27.8,93,55,77,8.2,20.4,294,0.6,0.6,0.0,2.0,18.5,38323.03,53,37.2
2022-10-01,31.9,23.0,27.6,37.2,27.7,97,58,79,5.7,13.2,292,0.4,0.4,0.0,1.0,18.59,39600.0,51,38.0
2022-10-02,33.0,24.0,28.1,38.0,28.6,95,51,76,8.6,15.2,303,0.1,0.1,0.0,1.0,19.5,39600.0,51,37.0
2022-10-03,33.3,24.0,28.3,37.0,28.1,89,49,71,10.4,19.2,314,0.0,0.0,0.0,0.0,19.55,39600.0,3,35.1
2022-10-04,30.5,24.7,26.9,35.1,29.4,96,68,84,10.0,20.4,53,25.1,25.1,0.0,13.0,12.04,22765.5,65,34.4
2022-10-05,29.0,24.0,25.4,34.4,28.0,98,75,91,8.3,15.4,80,21.0,21.0,0.0,21.0,7.21,2271.37,63,35.1
2022-10-06,30.2,23.8,25.7,35.1,28.2,98,68,90,6.7,16.8,106,7.5,7.5,0.0,10.0,11.87,21556.01,63,36.5
2022-10-07,30.5,24.4,26.1,36.5,28.9,98,71,89,10.1,20.6,98,9.2,9.2,0.0,13.0,14.32,27880.42,63,35.8
2022-10-08,30.1,24.0,26.1,35.8,27.9,97,73,88,8.3,17.4,94,8.8,8.8,0.0,9.0,12.26,19280.52,63,37.7
2022-10-09,32.0,24.2,27.0,37.7,29.1,97,64,85,9.4,17.7,156,10.3,10.3,0.0,13.0,16.12,32580.82,63,36.8
2022-10-10,30.3,23.9,25.8,36.8,28.5,98,73,90,6.0,16.3,155,15.9,15.9,0.0,9.0,13.02,22772.74,63,34.1
2022-10-11,28.8,22.6,25.2,34.1,27.1,100,72,89,8.1,13.0,7,7.1,7.1,0.0,11.0,10.65,14608.75,61,35.2
2022-10-12,30.1,22.0,25.5,35.2,26.0,99,64,84,6.2,12.5,332,0.3,0.3,0.0,3.0,17.33,39600.0,51,33.9
2022-10-13,30.6,22.0,25.4,33.9,24.2,97,49,76,7.3,13.2,320,0.1,0.1,0.0,1.0,18.57,39600.0,51,32.9
2022-10-14,30.0,20.2,24.7,32.9,22.9,95,49,75,5.8,12.1,291,0.0,0.0,0.0,0.0,18.33,39600.0,1,32.8
2022-10-15,30.0,19.7,24.7,32.8,22.2,95,44,74,4.5,8.7,260,0.0,0.0,0.0,0.0,17.57,39600.0,2,34.0
2022-10-16,30.2,21.1,25.4,34.0,24.5,91,44,69,4.5,7.8,41,0.0,0.0,0.0,0.0,17.67,39600.0,1,34.2
2022-10-17,30.5,18.9,25.0,34.2,20.2,85,46,67,5.1,10.3,299,0.0,0.0,0.0,0.0,18.49,39600.0,1,33.1
2022-10-18,30.8,19.8,25.1,33.1,21.8,90,41,67,6.4,13.4,299,0.0,0.0,0.0,0.0,18.34,39600.0,0,33.7
2022-10-19,30.8,18.9,24.7,33.7,20.6,93,45,70,5.4,11.4,286,0.0,0.0,0.0,0.0,18.54,39600.0,0,34.0
2022-10-20,30.9,18.8,24.3,34.0,20.2,93,40,70,5.7,8.7,152,0.0,0.0,0.0,0.0,17.82,39600.0,1,33.9
2022-10-21,31.2,18.9,24.3,33.9,20.4,90,38,70,6.7,13.4,282,0.0,0.0,0.0,0.0,17.72,39600.0,1,32.1
2022-10-22,30.6,18.2,23.9,32.1,19.6,93,43,73,8.1,15.4,300,0.0,0.0,0.0,0.0,18.1,39600.0,0,32.4
2022-10-23,30.1,19.4,24.2,32.4,21.3,95,43,72,7.5,14.5,341,0.0,0.0,0.0,0.0,17.92,39600.0,0,30.0
2022-10-24,29.5,19.5,23.5,30.0,20.4,89,38,67,7.6,15.7,299,0.0,0.0,0.0,0.0,18.14,39600.0,0,29.9
2022-10-25,29.6,18.1,22.7,29.9,18.0,80,38,64,9.0,17.4,270,0.0,0.0,0.0,0.0,18.02,39558.99,0,31.9
2022-10-26,30.5,16.6,23.0,31.9,17.3,92,39,70,5.9,11.4,276,0.0,0.0,0.0,0.0,17.73,39510.61,0,32.8
2022-10-27,30.5,17.4,23.5,32.8,18.5,91,41,72,5.7,10.5,209,0.0,0.0,0.0,0.0,17.46,39463.57,0,33.1
2022-10-28,30.7,18.2,23.9,33.1,19.4,91,37,69,4.9,9.2,126,0.0,0.0,0.0,0.0,17.35,39417.95,0,32.6
2022-10-29,29.9,17.5,23.0,32.6,18.5,93,42,72,6.1,11.4,30,0.0,0.0,0.0,0.0,17.16,39126.86,0,31.2
2022-10-30,28.8,17.5,22.9,31.2,19.3,94,49,75,5.7,11.6,333,0.0,0.0,0.0,0.0,17.0,38888.46,0,32.0
2022-10-31,28.8,17.4,22.9,32.0,19.2,97,47,74,6.0,9.6,349,0.0,0.0,0.0,0.0,16.92,38917.24,0,31.6
2022-11-01,29.1,17.0,23.3,31.6,18.5,97,44,71,5.1,10.3,254,0.0,0.0,0.0,0.0,16.76,38676.91,0,32.8
2022-11-02,30.6,18.4,23.5,32.8,19.3,88,48,72,6.8,14.5,250,0.0,0.0,0.0,0.0,16.42,38704.64,0,32.6
2022-11-03,30.0,18.0,23.6,32.6,19.0,91,48,74,6.7,12.8,265,0.0,0.0,0.0,0.0,16.48,38462.23,1,33.0
2022-11-04,30.4,18.5,23.9,33.0,20.2,95,49,77,6.5,12.8,317,0.0,0.0,0.0,0.0,16.1,38218.45,0,33.7
2022-11-05,30.0,19.3,23.9,33.7,21.5,96,51,78,5.3,9.8,73,0.0,0.0,0.0,0.0,15.93,37973.26,0,32.5
2022-11-06,29.2,18.6,23.7,32.5,20.8,99,53,78,5.3,11.0,88,0.0,0.0,0.0,0.0,15.53,37183.97,3,33.3
2022-11-07,29.7,18.7,23.6,33.3,20.6,95,51,76,5.0,10.3,177,0.0,0.0,0.0,0.0,15.33,35537.9,3,32.8
2022-11-08,29.8,19.0,23.6,32.8,20.5,92,46,72,5.2,10.7,158,0.0,0.0,0.0,0.0,15.16,35679.33,3,31.6
2022-11-09,29.5,18.5,23.7,31.6,20.3,94,46,72,8.1,14.1,282,0.0,0.0,0.0,0.0,14.41,36704.41,1,31.4
2022-11-10,28.7,19.0,22.8,31.4,20.8,98,51,78,8.0,32.4,303,0.7,0.7,0.0,2.0,13.41,35058.44,53,28.7
2022-11-11,28.6,18.0,22.2,28.7,18.9,95,39,70,8.4,16.1,309,0.0,0.0,0.0,0.0,15.42,37839.14,0,26.9
2022-11-12,27.8,16.8,21.3,26.9,16.6,81,33,62,9.5,17.2,297,0.0,0.0,0.0,0.0,15.6,37585.3,0,27.0
2022-11-13,27.8,15.6,20.9,27.0,15.2,83,37,65,7.7,15.7,285,0.0,0.0,0.0,0.0,15.49,37604.68,0,28.3
2022-11-14,27.7,14.6,20.9,28.3,14.7,93,41,70,5.6,11.0,290,0.0,0.0,0.0,0.0,15.17,37341.81,0,28.7
2022-11-15,28.5,14.9,21.2,28.7,15.0,93,37,68,7.4,14.8,296,0.0,0.0,0.0,0.0,15.05,37316.42,0,28.3
2022-11-16,28.5,15.9,21.6,28.3,16.4,92,39,67,8.1,15.9,293,0.0,0.0,0.0,0.0,14.93,37013.59,1,24.2
2022-11-17,25.8,15.9,20.1,24.2,15.1,76,37,60,8.9,17.7,305,0.0,0.0,0.0,0.0,15.22,37262.99,0,24.2
2022-11-18,25.0,13.6,18.4,24.2,12.5,82,40,66,7.1,15.2,307,0.0,0.0,0.0,0.0,15.06,36957.38,0,23.9
2022-11-19,24.4,12.1,18.9,23.9,11.2,92,41,64,4.6,11.6,318,0.0,0.0,0.0,0.0,14.91,36882.26,0,25.4
2022-11-20,24.9,11.9,18.5,25.4,11.3,95,43,68,5.0,7.8,270,0.0,0.0,0.0,0.0,14.86,36644.81,0,25.3
2022-11-21,26.2,13.8,18.7,25.3,13.5,92,40,70,8.6,15.9,278,0.0,0.0,0.0,0.0,14.84,36685.96,0,25.8
2022-11-22,26.6,13.2,18.7,25.8,12.5,91,36,67,6.7,13.0,288,0.0,0.0,0.0,0.0,14.79,36726.45,0,24.5
2022-11-23,26.0,12.9,18.4,24.5,11.9,84,34,62,6.9,14.3,294,0.0,0.0,0.0,0.0,14.59,36485.27,3,24.0
2022-11-24,25.8,12.1,18.3,24.0,10.4,78,32,59,7.2,15.0,290,0.0,0.0,0.0,0.0,14.85,36523.82,0,24.3
2022-11-25,25.5,10.9,18.0,24.3,10.0,91,36,65,6.9,12.8,303,0.0,0.0,0.0,0.0,14.64,36279.76,0,24.1
2022-11-26,25.5,12.4,17.8,24.1,11.4,89,40,68,7.8,15.7,282,0.0,0.0,0.0,0.0,14.51,36033.97,0,25.3
2022-11-27,25.6,12.4,18.3,25.3,11.4,88,42,69,5.7,11.6,291,0.0,0.0,0.0,0.0,14.4,35786.43,0,25.9
2022-11-28,25.5,11.8,18.0,25.9,11.0,94,45,74,7.0,8.7,317,0.0,0.0,0.0,0.0,14.24,35254.67,0,25.7
2022-11-29,25.6,12.4,18.1,25.7,11.6,93,42,73,6.7,9.4,334,0.0,0.0,0.0,0.0,14.14,35286.52,3,24.8
2022-11-30,24.8,12.7,18.1,24.8,11.8,94,43,72,5.9,9.4,300,0.0,0.0,0.0,0.0,13.42,33614.75,3,24.1
2022-12-01,24.1,11.4,17.2,24.1,10.2,93,46,73,5.5,9.8,275,0.0,0.0,0.0,0.0,14.1,35062.89,0,24.0
2022-12-02,23.7,11.0,17.4,24.0,10.4,95,48,72,4.4,8.7,267,0.0,0.0,0.0,0.0,13.98,34806.58,0,24.3
2022-12-03,24.0,11.2,18.2,24.3,10.5,96,47,71,4.1,8.9,320,0.0,0.0,0.0,0.0,13.74,34548.42,3,23.9
2022-12-04,24.1,11.5,17.9,23.9,10.8,95,46,72,5.1,11.0,312,0.0,0.0,0.0,0.0,13.85,34573.43,2,23.2
2022-12-05,23.5,12.1,16.7,23.2,11.1,94,46,75,6.5,10.1,324,0.0,0.0,0.0,0.0,13.77,34311.78,1,22.1
2022-12-06,24.0,11.7,16.6,22.1,10.9,94,38,71,8.8,17.4,299,0.0,0.0,0.0,0.0,13.94,34619.65,0,22.7
2022-12-07,24.7,11.6,16.9,22.7,10.3,91,35,67,7.8,16.3,289,0.0,0.0,0.0,0.0,13.96,34640.62,0,22.6
2022-12-08,23.8,11.1,16.6,22.6,9.9,91,41,69,6.0,13.4,302,0.0,0.0,0.0,0.0,13.77,34660.16,0,23.4
2022-12-09,23.2,10.9,16.6,23.4,9.8,95,52,77,6.0,10.3,321,0.0,0.0,0.0,0.0,13.56,34391.79,1,25.5
2022-12-10,24.8,10.9,17.3,25.5,10.0,100,49,79,6.2,7.2,320,0.0,0.0,0.0,0.0,13.58,34408.1,0,26.7
2022-12-11,26.6,11.0,17.7,26.7,10.2,96,44,77,5.9,10.5,279,0.0,0.0,0.0,0.0,13.65,34710.51,0,26.1
2022-12-12,27.0,12.2,18.5,26.1,11.7,95,35,69,6.2,11.4,288,0.0,0.0,0.0,0.0,13.41,34437.77,0,24.3
2022-12-13,26.5,15.0,19.3,24.3,13.9,77,30,55,7.9,14.3,296,0.0,0.0,0.0,0.0,13.19,34163.49,0,22.8
2022-12-14,25.6,13.1,18.3,22.8,11.5,79,28,55,8.2,15.9,289,0.0,0.0,0.0,0.0,13.47,34461.83,2,21.5
2022-12-15,23.8,10.6,16.2,21.5,9.0,89,35,63,8.2,15.9,299,0.0,0.0,0.0,0.0,13.78,34760.19,2,21.6
2022-12-16,23.4,9.0,15.0,21.6,7.3,89,36,67,6.5,12.1,284,0.0,0.0,0.0,0.0,13.9,34769.22,2,21.6
2022-12-17,22.8,9.0,15.1,21.6,7.3,93,42,72,5.6,11.9,303,0.0,0.0,0.0,0.0,13.72,34489.65,1,21.6
2022-12-18,22.9,9.6,15.2,21.6,8.3,92,44,75,6.7,12.5,302,0.0,0.0,0.0,0.0,13.63,34495.93,0,22.6
2022-12-19,23.1,10.6,15.6,22.6,9.6,95,49,78,6.6,11.9,295,0.0,0.0,0.0,0.0,13.44,34502.49,3,22.4
2022-12-20,23.3,9.9,15.5,22.4,8.6,95,41,74,5.4,11.6,290,0.0,0.0,0.0,0.0,13.61,34506.22,3,22.4
2022-12-21,23.0,9.1,15.4,22.4,7.3,95,40,71,5.9,8.5,322,0.0,0.0,0.0,0.0,13.49,34508.57,0,23.1
2022-12-22,23.9,10.1,17.0,23.1,8.7,93,34,63,5.6,7.8,8,0.0,0.0,0.0,0.0,13.35,34798.72,0,22.9
2022-12-23,24.2,10.9,17.1,22.9,9.4,90,42,67,7.2,15.4,65,0.0,0.0,0.0,0.0,13.17,34509.14,1,23.3
2022-12-24,23.8,14.8,18.5,23.3,13.9,88,48,65,10.3,20.4,17,5.4,5.4,0.0,6.0,13.04,34642.86,61,20.6
2022-12-25,22.0,11.3,15.7,20.6,9.5,81,42,64,7.0,12.3,322,0.0,0.0,0.0,0.0,13.29,34915.83,3,20.1
2022-12-26,21.4,9.4,14.3,20.1,7.4,81,42,63,4.8,10.3,331,0.0,0.0,0.0,0.0,13.51,35188.2,2,18.7
2022-12-27,20.9,8.2,13.5,18.7,6.4,94,46,74,7.8,16.1,282,0.0,0.0,0.0,0.0,13.79,35459.91,0,19.0
2022-12-28,22.1,8.9,14.7,19.0,6.9,91,34,64,9.0,17.4,274,0.0,0.0,0.0,0.0,13.85,35441.81,0,21.9
2022-12-29,22.9,8.2,14.8,21.9,6.4,92,40,70,6.4,11.2,297,0.0,0.0,0.0,0.0,13.38,35423.12,0,23.2
2022-12-30,23.6,10.2,15.9,23.2,9.1,94,46,76,5.4,12.5,88,0.0,0.0,0.0,0.0,13.26,35114.43,0,21.2
2022-12-31,22.4,10.1,15.3,21.2,9.3,99,43,79,7.0,15.2,310,0.0,0.0,0.0,0.0,13.59,35671.47,0,21.1
2023-01-01,20.9,9.9,14.3,21.1,8.7,96,55,83,5.9,8.9,355,0.0,0.0,0.0,0.0,13.48,35649.59,0,19.3
2023-01-02,19.8,8.4,13.2,19.3,7.0,99,52,82,6.3,9.6,51,0.0,0.0,0.0,0.0,13.75,35756.18,3,18.7
2023-01-03,19.6,7.2,12.2,18.7,5.3,98,53,83,6.0,11.6,28,0.0,0.0,0.0,0.0,13.72,35797.11,0,17.0
2023-01-04,18.2,6.9,11.4,17.0,5.0,100,53,85,6.3,11.6,354,0.0,0.0,0.0,0.0,13.73,34594.48,3,15.4
2023-01-05,16.8,5.1,9.8,15.4,3.8,100,58,87,5.6,12.3,344,0.0,0.0,0.0,0.0,12.22,26262.59,3,14.5
2023-01-06,16.0,4.8,8.6,14.5,3.1,100,62,89,6.0,11.4,313,0.0,0.0,0.0,0.0,11.01,22824.94,3,15.6
2023-01-07,16.8,4.6,9.1,15.6,2.3,100,62,87,5.7,13.9,271,0.0,0.0,0.0,0.0,12.06,26058.08,3,17.7
2023-01-08,19.0,4.8,11.4,17.7,2.7,100,49,79,4.7,12.1,267,0.0,0.0,0.0,0.0,13.91,35150.57,3,20.6
2023-01-09,20.7,5.1,12.6,20.6,3.0,100,51,80,5.2,11.0,296,0.0,0.0,0.0,0.0,14.07,36000.0,3,20.9
2023-01-10,21.6,5.8,12.9,20.9,3.9,100,51,81,6.8,11.0,270,0.0,0.0,0.0,0.0,14.2,36000.0,3,22.5
2023-01-11,21.7,7.5,13.8,22.5,5.6,100,55,85,5.7,10.7,299,0.0,0.0,0.0,0.0,14.36,36000.0,3,23.9
2023-01-12,23.1,9.9,15.3,23.9,8.6,98,57,85,6.3,11.9,100,0.0,0.0,0.0,0.0,13.98,36000.0,0,25.0
2023-01-13,23.9,12.6,17.1,25.0,11.9,97,59,83,6.2,10.1,88,0.0,0.0,0.0,0.0,14.14,36000.0,3,21.5
2023-01-14,22.1,12.2,16.5,21.5,11.9,100,56,82,9.7,19.0,312,0.0,0.0,0.0,0.0,13.43,30507.44,3,15.6
2023-01-15,18.4,8.1,12.9,15.6,5.9,92,40,71,8.8,17.9,296,0.0,0.0,0.0,0.0,15.29,36000.0,0,15.1
2023-01-16,17.5,4.7,10.6,15.1,2.2,93,40,70,6.8,14.1,315,0.0,0.0,0.0,0.0,15.43,36000.0,0,16.3
2023-01-17,17.9,5.4,11.0,16.3,2.9,90,47,73,6.3,11.4,309,0.0,0.0,0.0,0.0,15.37,36000.0,0,16.5
2023-01-18,18.6,5.1,11.5,16.5,2.6,92,39,68,6.7,12.5,322,0.0,0.0,0.0,0.0,15.39,36000.0,0,19.2
2023-01-19,19.9,5.3,12.5,19.2,2.8,92,44,69,5.1,7.8,4,0.0,0.0,0.0,0.0,15.17,36000.0,3,19.9
2023-01-20,21.6,7.3,13.9,19.9,5.5,100,48,80,7.5,16.6,76,2.2,2.2,0.0,3.0,13.58,33528.48,61,23.2
2023-01-21,22.9,11.0,15.9,23.2,10.2,94,55,80,6.0,11.4,47,0.0,0.0,0.0,0.0,15.04,36000.0,1,18.3
2023-01-22,18.8,11.9,15.2,18.3,10.9,95,69,84,10.9,20.4,58,13.8,13.8,0.0,8.0,7.13,23691.58,63,23.6
2023-01-23,22.5,12.4,17.0,23.6,11.6,98,69,86,7.7,14.8,35,0.0,0.0,0.0,0.0,10.86,34996.24,3,26.8
2023-01-24,25.1,14.1,18.8,26.8,13.8,96,60,82,7.6,15.2,65,0.0,0.0,0.0,0.0,14.99,36000.0,1,24.6
2023-01-25,23.5,15.6,19.0,24.6,16.3,98,67,87,10.3,19.9,35,27.4,27.4,0.0,13.0,11.18,24659.33,65,22.8
2023-01-26,22.2,16.6,19.0,22.8,17.5,100,65,84,7.5,14.1,329,1.2,1.2,0.0,6.0,8.7,13772.06,51,20.2
2023-01-27,22.0,11.7,16.9,20.2,9.9,92,39,71,9.2,18.1,303,0.1,0.1,0.0,1.0,15.76,36000.0,51,20.9
2023-01-28,21.9,9.1,14.1,20.9,7.0,91,43,72,6.7,12.8,266,0.0,0.0,0.0,0.0,16.77,36155.23,0,23.5
2023-01-29,23.6,8.2,15.3,23.5,6.5,98,45,77,7.8,13.6,81,0.0,0.0,0.0,0.0,16.5,36141.52,0,24.3
2023-01-30,23.9,12.1,16.9,24.3,11.0,94,57,79,14.2,25.1,46,0.0,0.0,0.0,0.0,15.66,36000.0,1,22.5
2023-01-31,23.5,13.1,17.1,22.5,11.6,95,51,79,10.8,20.1,307,0.0,0.0,0.0,0.0,16.01,36000.0,0,20.4
2023-02-01,21.8,10.9,15.4,20.4,9.5,96,48,78,9.0,17.2,274,0.0,0.0,0.0,0.0,17.06,36096.64,0,21.7
2023-02-02,22.9,9.9,15.5,21.7,8.4,93,42,73,7.4,15.7,272,0.0,0.0,0.0,0.0,17.23,36080.5,0,24.1
2023-02-03,25.0,10.7,16.5,24.1,9.3,92,36,70,8.1,15.4,295,0.0,0.0,0.0,0.0,17.11,36334.62,0,24.4
2023-02-04,25.6,11.1,17.4,24.4,9.6,90,37,68,8.8,17.2,275,0.0,0.0,0.0,0.0,17.02,36316.89,0,26.1
2023-02-05,26.6,12.0,18.7,26.1,11.2,92,36,67,6.4,14.1,282,0.0,0.0,0.0,0.0,17.16,36298.59,0,28.4
2023-02-06,27.5,11.1,19.0,28.4,10.6,96,38,71,5.9,9.2,239,0.0,0.0,0.0,0.0,17.06,36279.81,0,26.5
2023-02-07,27.9,14.2,20.1,26.5,13.2,89,30,61,12.3,22.8,276,0.0,0.0,0.0,0.0,17.36,36260.54,0,22.7
2023-02-08,25.5,12.9,18.2,22.7,11.6,86,27,57,10.6,20.6,290,0.0,0.0,0.0,0.0,17.8,36508.93,0,26.4
2023-02-09,27.0,10.4,18.0,26.4,8.8,91,35,65,6.6,13.4,249,0.0,0.0,0.0,0.0,17.87,36487.68,0,28.9
2023-02-10,28.7,12.2,19.7,28.9,11.5,93,37,68,7.1,13.4,185,0.0,0.0,0.0,0.0,17.68,36465.67,0,29.2
2023-02-11,29.8,13.8,21.4,29.2,13.1,91,32,57,10.4,19.0,276,0.0,0.0,0.0,0.0,17.79,36709.9,0,23.1
2023-02-12,26.6,14.2,19.8,23.1,13.2,84,18,46,13.7,24.2,305,0.0,0.0,0.0,0.0,18.57,36952.51,0,19.1
2023-02-13,23.8,12.8,17.5,19.1,8.8,51,20,36,14.7,26.8,285,0.0,0.0,0.0,0.0,19.04,37193.59,0,22.2
2023-02-14,24.8,10.9,17.2,22.2,8.6,73,25,49,9.1,17.7,283,0.0,0.0,0.0,0.0,18.62,37167.67,0,25.8
2023-02-15,26.8,12.1,18.5,25.8,10.2,78,34,58,6.9,15.4,289,0.0,0.0,0.0,0.0,18.66,37141.25,0,27.2
2023-02-16,26.5,12.1,18.8,27.2,11.6,95,42,70,6.0,13.2,7,0.0,0.0,0.0,0.0,18.46,37114.38,0,27.8
2023-02-17,27.2,14.3,19.7,27.8,14.2,90,41,70,6.1,13.0,80,0.0,0.0,0.0,0.0,18.58,37087.09,3,29.8
2023-02-18,27.9,13.6,20.8,29.8,13.6,92,42,67,4.7,10.1,209,0.0,0.0,0.0,0.0,18.8,37323.2,0,30.8
2023-02-19,29.0,13.9,21.6,30.8,13.6,96,40,66,6.9,12.1,240,0.0,0.0,0.0,0.0,18.95,37558.14,0,32.6
2023-02-20,31.4,13.8,22.4,32.6,13.5,95,32,64,6.1,11.9,209,0.0,0.0,0.0,0.0,19.17,37892.6,2,32.1
2023-02-21,33.0,15.4,23.5,32.1,15.2,86,23,52,8.6,17.0,239,0.0,0.0,0.0,0.0,19.5,37842.81,2,32.6
2023-02-22,31.8,16.4,23.5,32.6,16.1,81,26,51,7.6,12.8,277,0.0,0.0,0.0,0.0,19.29,38055.27,3,30.8
2023-02-23,31.0,16.4,23.6,30.8,16.4,81,26,52,7.4,15.2,295,0.0,0.0,0.0,0.0,19.35,38005.3,3,29.9
2023-02-24,29.8,14.4,22.3,29.9,13.3,73,29,51,5.6,11.6,310,0.0,0.0,0.0,0.0,19.17,37290.05,3,30.6
2023-02-25,30.1,14.4,22.3,30.6,14.0,84,22,51,6.8,8.5,45,0.0,0.0,0.0,0.0,20.07,38688.15,3,31.5
2023-02-26,31.0,14.3,22.4,31.5,13.3,82,25,54,5.9,11.4,138,0.0,0.0,0.0,0.0,19.89,38898.64,3,31.5
2023-02-27,31.7,15.2,23.3,31.5,15.2,88,25,53,6.3,14.8,261,0.0,0.0,0.0,0.0,18.39,38623.76,3,32.7
2023-02-28,31.8,16.4,23.9,32.7,16.4,81,23,51,6.0,12.1,102,0.0,0.0,0.0,0.0,20.0,39058.29,0,32.8
2023-03-01,32.2,16.5,24.0,32.8,15.7,75,25,51,6.9,17.0,53,0.0,0.0,0.0,0.0,19.03,39267.5,2,33.0
2023-03-02,32.2,16.6,24.1,33.0,17.0,79,28,52,6.7,11.2,307,0.0,0.0,0.0,0.0,20.02,39421.64,1,33.2
2023-03-03,33.3,17.0,24.6,33.2,16.9,80,25,51,8.9,17.2,297,0.0,0.0,0.0,0.0,20.32,39719.01,0,31.7
2023-03-04,32.7,17.5,24.8,31.7,17.1,77,25,48,10.2,20.1,315,0.0,0.0,0.0,0.0,20.06,39501.34,3,31.5
2023-03-05,31.8,18.4,24.0,31.5,18.2,78,27,52,11.2,22.6,282,0.0,0.0,0.0,0.0,19.97,39090.3,3,31.2
2023-03-06,31.9,17.4,24.1,31.2,17.0,79,23,50,9.7,19.2,297,0.0,0.0,0.0,0.0,20.09,39485.05,3,31.1
2023-03-07,30.1,17.1,23.0,31.1,17.0,75,31,56,8.2,26.4,225,0.0,0.0,0.0,0.0,16.4,32264.67,3,32.0
2023-03-08,29.5,17.4,23.5,32.0,18.5,94,37,63,6.7,14.5,253,0.0,0.0,0.0,0.0,18.82,39924.16,3,29.3
2023-03-09,28.1,17.3,22.6,29.3,17.5,85,38,58,7.2,16.8,331,1.3,1.3,0.0,1.0,17.79,39737.15,61,31.6
2023-03-10,29.8,16.2,23.6,31.6,16.9,91,31,56,5.6,11.4,337,0.0,0.0,0.0,0.0,19.77,40147.95,1,32.3
2023-03-11,31.0,16.2,23.9,32.3,15.7,78,28,49,5.3,10.3,292,0.0,0.0,0.0,0.0,21.54,40644.39,0,33.8
2023-03-12,31.6,16.4,25.2,33.8,16.3,81,29,46,5.7,8.9,176,0.0,0.0,0.0,0.0,21.55,40628.05,0,33.9
2023-03-13,32.5,17.2,25.5,33.9,17.4,82,27,50,6.1,11.0,151,0.0,0.0,0.0,0.0,19.7,40355.9,3,34.0
2023-03-14,34.2,18.1,26.0,34.0,18.9,84,21,46,14.0,24.8,255,0.7,0.7,0.0,1.0,18.49,40340.13,53,35.3
2023-03-15,34.0,17.9,26.2,35.3,17.0,72,21,42,6.1,12.8,293,0.0,0.0,0.0,0.0,20.65,40324.54,3,30.2
2023-03-16,31.0,19.9,25.1,30.2,18.2,64,32,46,13.6,26.2,165,0.7,0.7,0.0,1.0,14.69,29929.17,53,31.0
2023-03-17,29.7,18.8,24.3,31.0,19.8,83,36,58,7.2,17.0,100,0.5,0.5,0.0,1.0,17.81,37524.12,53,31.8
2023-03-18,29.2,19.4,22.4,31.8,19.8,91,45,73,14.6,29.1,94,4.9,4.9,0.0,4.0,16.78,30691.05,63,31.6
2023-03-19,28.8,17.1,21.8,31.6,18.8,99,47,80,8.2,23.7,117,2.7,2.7,0.0,1.0,18.1,34032.3,63,29.5
2023-03-20,26.4,17.8,20.8,29.5,18.8,98,54,81,7.1,19.9,107,11.5,11.5,0.0,4.0,16.76,35016.07,65,28.4
2023-03-21,25.4,16.6,20.0,28.4,17.7,97,55,83,9.9,21.7,75,13.5,13.5,0.0,4.0,16.82,35246.32,65,30.1
2023-03-22,28.3,15.7,21.2,30.1,16.8,100,40,74,6.5,13.4,329,0.0,0.0,0.0,0.0,22.19,36075.05,3,31.4
2023-03-23,29.9,16.4,23.3,31.4,16.5,89,37,62,8.6,17.4,311,0.0,0.0,0.0,0.0,21.5,40717.1,2,33.7
2023-03-24,31.6,18.8,24.7,33.7,19.5,79,36,59,7.0,19.0,117,0.2,0.2,0.0,1.0,20.04,37449.6,51,33.6
2023-03-25,31.0,20.4,25.8,33.6,21.3,76,39,56,9.9,19.7,7,0.0,0.0,0.0,0.0,21.92,40689.75,2,32.5
2023-03-26,31.0,19.5,24.9,32.5,20.1,78,31,56,8.5,17.4,350,0.0,0.0,0.0,0.0,20.79,40931.77,2,32.4
2023-03-27,31.3,17.5,24.3,32.4,17.4,76,28,49,8.1,14.5,351,0.0,0.0,0.0,0.0,22.15,40663.27,1,32.6
2023-03-28,31.8,17.6,24.3,32.6,16.9,69,23,47,9.0,16.8,324,0.0,0.0,0.0,0.0,23.52,41416.67,3,34.1
2023-03-29,32.7,17.9,25.7,34.1,17.2,71,26,47,6.4,14.5,80,0.0,0.0,0.0,0.0,22.1,40637.49,3,33.4
2023-03-30,33.3,20.7,26.6,33.4,20.4,63,26,46,9.2,18.1,84,0.0,0.0,0.0,0.0,16.8,32482.95,3,34.0
2023-03-31,30.2,19.4,24.0,34.0,20.3,88,41,67,15.5,26.2,71,2.2,2.2,0.0,4.0,19.93,35621.54,55,31.1
2023-04-01,29.7,17.9,23.3,31.1,18.6,95,40,67,10.9,22.6,36,0.0,0.0,0.0,0.0,21.78,40599.95,3,30.9
2023-04-02,31.8,18.3,24.8,30.9,19.6,88,29,56,11.9,22.8,284,0.1,0.1,0.0,1.0,22.01,40583.22,51,34.2
2023-04-03,35.0,18.5,26.4,34.2,18.8,77,18,46,11.9,21.9,284,0.0,0.0,0.0,0.0,21.02,37650.37,3,33.9
2023-04-04,33.9,20.4,26.7,33.9,19.9,60,26,44,13.5,24.6,307,0.0,0.0,0.0,0.0,22.31,41588.36,3,33.7
2023-04-05,34.5,19.5,26.5,33.7,19.7,72,17,42,10.8,19.2,324,0.0,0.0,0.0,0.0,23.97,41833.38,2,33.5
2023-04-06,33.3,18.9,27.1,33.5,18.1,63,21,35,7.0,15.0,0,0.0,0.0,0.0,0.0,24.2,42078.83,3,34.4
2023-04-07,34.7,20.5,27.3,34.4,19.5,69,19,36,7.3,14.5,339,0.0,0.0,0.0,0.0,23.66,41811.18,3,35.0
2023-04-08,34.8,20.4,27.5,35.0,18.5,48,18,33,6.5,12.3,265,0.0,0.0,0.0,0.0,22.28,37044.61,3,36.1
2023-04-09,35.8,20.4,28.5,36.1,20.0,73,18,38,8.1,13.6,285,0.0,0.0,0.0,0.0,23.11,41789.39,3,34.8
2023-04-10,36.5,19.8,27.8,34.8,18.4,51,10,29,9.1,17.4,295,0.0,0.0,0.0,0.0,25.01,41263.92,3,35.6
2023-04-11,37.8,19.6,28.6,35.6,17.3,43,11,26,13.8,25.3,292,0.0,0.0,0.0,0.0,24.9,42283.55,2,38.2
2023-04-12,38.7,21.5,29.9,38.2,19.7,47,14,29,7.3,15.2,291,0.0,0.0,0.0,0.0,24.51,42015.81,3,39.3
2023-04-13,38.7,22.3,31.0,39.3,21.6,48,16,29,12.3,22.6,290,0.0,0.0,0.0,0.0,24.15,40456.97,3,38.2
2023-04-14,38.4,22.9,30.8,38.2,22.4,53,17,33,5.6,13.2,282,0.0,0.0,0.0,0.0,21.1,39563.83,3,40.8
2023-04-15,39.7,23.9,31.5,40.8,23.8,50,15,32,7.4,13.6,242,0.0,0.0,0.0,0.0,21.45,40579.95,3,41.0
2023-04-16,40.5,25.2,32.7,41.0,24.9,45,14,29,9.4,15.9,229,0.0,0.0,0.0,0.0,24.34,41717.91,2,40.0
2023-04-17,40.6,24.7,32.9,40.0,23.5,44,12,24,10.9,20.4,279,0.0,0.0,0.0,0.0,23.82,42286.06,3,39.9
2023-04-18,41.3,24.6,32.9,39.9,23.4,39,13,24,10.1,20.8,287,0.0,0.0,0.0,0.0,23.46,42250.25,2,40.0
2023-04-19,40.7,25.0,32.8,40.0,23.3,34,12,22,13.7,25.5,276,0.0,0.0,0.0,0.0,23.79,42436.22,3,38.1
2023-04-20,40.5,24.8,32.4,38.1,23.4,36,13,24,13.2,26.4,267,0.0,0.0,0.0,0.0,23.35,41587.52,3,36.5
2023-04-21,36.8,26.4,31.3,36.5,26.0,42,17,29,14.3,29.3,290,0.0,0.0,0.0,0.0,23.7,40762.53,3,36.8
2023-04-22,36.3,21.8,29.2,36.8,21.9,63,15,34,11.3,20.6,168,0.0,0.0,0.0,0.0,22.74,37088.12,3,34.2
2023-04-23,34.8,22.4,27.1,34.2,21.2,62,19,40,15.9,29.8,39,0.1,0.1,0.0,1.0,19.19,33556.71,51,32.8
2023-04-24,32.9,20.2,25.8,32.8,20.8,72,26,48,18.3,30.6,66,0.4,0.4,0.0,1.0,21.76,41535.77,51,34.6
2023-04-25,33.3,19.6,26.8,34.6,20.1,73,29,48,7.9,15.9,63,0.0,0.0,0.0,0.0,24.26,41962.29,3,37.3
2023-04-26,36.1,21.1,29.3,37.3,22.1,71,18,40,11.4,19.9,326,0.0,0.0,0.0,0.0,23.34,39600.0,3,37.6
2023-04-27,36.3,23.4,30.1,37.6,25.2,70,19,38,6.5,14.1,239,0.0,0.0,0.0,0.0,22.45,38264.82,3,36.6
2023-04-28,36.9,24.2,29.7,36.6,23.2,55,19,38,13.6,28.2,239,1.4,1.4,0.0,2.0,17.38,29954.95,53,35.1
2023-04-29,34.1,24.3,28.7,35.1,26.2,64,32,49,7.9,17.9,250,0.0,0.0,0.0,0.0,18.2,26868.21,3,31.7
2023-04-30,29.8,22.7,25.6,31.7,25.0,93,45,67,10.0,22.4,186,6.6,6.6,0.0,6.0,13.77,21402.47,61,32.9
2023-05-01,30.4,20.6,24.5,32.9,23.1,96,50,76,8.0,31.1,185,5.3,5.3,0.0,7.0,18.9,30592.28,63,35.2
2023-05-02,31.5,19.6,25.2,35.2,22.3,98,42,72,8.8,27.7,138,2.2,2.2,0.0,2.0,21.79,39290.55,61,33.2
2023-05-03,30.5,21.3,25.4,33.2,24.4,91,45,72,7.3,30.0,302,6.1,6.1,0.0,5.0,19.21,39371.71,63,35.8
2023-05-04,31.5,20.0,26.0,35.8,23.1,98,43,69,6.6,13.2,33,0.0,0.0,0.0,0.0,23.41,41420.93,3,35.8
2023-05-05,34.3,21.4,27.7,35.8,24.1,91,28,55,7.0,14.3,342,0.0,0.0,0.0,0.0,24.06,42046.71,0,37.8
2023-05-06,36.8,21.6,29.6,37.8,22.2,66,23,43,9.7,18.6,300,0.0,0.0,0.0,0.0,23.83,41370.96,1,39.0
2023-05-07,38.0,23.5,30.4,39.0,24.2,63,19,40,8.7,16.8,306,0.0,0.0,0.0,0.0,23.59,41523.7,0,39.2
2023-05-08,37.5,23.5,31.6,39.2,22.8,53,25,37,11.5,22.8,131,0.0,0.0,0.0,0.0,22.4,40803.8,1,39.6
2023-05-09,40.7,24.8,32.2,39.6,23.9,68,12,34,16.6,28.9,294,0.0,0.0,0.0,0.0,24.48,42285.14,1,38.3
2023-05-10,39.3,21.3,30.6,38.3,19.6,42,9,23,11.5,21.0,314,0.0,0.0,0.0,0.0,25.45,42498.23,0,38.9
2023-05-11,39.6,21.9,30.8,38.9,19.9,48,11,25,10.9,19.0,324,0.0,0.0,0.0,0.0,25.42,42445.43,0,39.9
2023-05-12,39.7,23.5,31.0,39.9,22.5,49,13,30,9.0,15.9,66,0.0,0.0,0.0,0.0,25.23,42358.3,0,42.1
2023-05-13,40.8,22.6,32.1,42.1,21.8,50,15,31,8.1,15.4,97,0.0,0.0,0.0,0.0,24.77,41823.04,0,42.6
2023-05-14,42.8,24.4,33.9,42.6,24.7,61,12,29,12.1,23.3,262,0.0,0.0,0.0,0.0,23.56,39394.76,3,41.4
2023-05-15,41.0,26.3,33.7,41.4,24.8,39,14,23,10.6,20.1,286,0.0,0.0,0.0,0.0,23.74,40009.3,2,40.0
2023-05-16,41.5,25.8,33.8,40.0,24.6,43,13,25,12.5,22.8,298,0.0,0.0,0.0,0.0,23.19,40282.19,2,41.7
2023-05-17,42.6,27.5,35.3,41.7,27.0,48,13,25,10.6,19.2,291,0.0,0.0,0.0,0.0,23.32,41363.2,1,42.1
2023-05-18,41.0,26.6,34.4,42.1,27.4,46,18,28,13.9,26.6,323,0.0,0.0,0.0,0.0,23.32,39819.24,2,40.6
2023-05-19,41.5,26.7,34.3,40.6,27.8,55,14,29,12.1,23.9,319,0.0,0.0,0.0,0.0,24.2,41605.6,0,40.2
2023-05-20,42.2,26.2,34.6,40.2,25.1,38,11,22,11.5,22.4,286,0.0,0.0,0.0,0.0,23.97,41962.09,1,40.9
2023-05-21,44.1,26.2,35.6,40.9,25.0,34,11,19,17.9,32.7,290,0.0,0.0,0.0,0.0,23.28,41378.31,2,42.0
2023-05-22,43.9,29.6,37.2,42.0,28.6,37,13,21,13.6,27.1,290,0.0,0.0,0.0,0.0,21.81,41210.03,3,42.1
2023-05-23,44.2,29.6,37.5,42.1,29.2,35,12,22,13.9,27.7,295,0.0,0.0,0.0,0.0,24.07,41564.15,3,44.1
2023-05-24,41.8,28.9,35.0,44.1,28.9,50,16,32,12.2,22.4,345,0.0,0.0,0.0,0.0,23.22,39600.0,3,38.6
2023-05-25,37.9,27.5,31.4,38.6,28.1,65,29,48,11.8,39.4,348,1.1,1.1,0.0,1.0,20.27,38215.64,55,36.8
2023-05-26,36.0,24.2,29.5,36.8,28.3,92,31,59,12.8,25.1,333,0.2,0.2,0.0,1.0,21.52,36717.47,51,38.9
2023-05-27,35.2,24.3,28.4,38.9,27.0,81,40,65,11.1,22.8,113,4.2,4.2,0.0,3.0,16.66,30177.26,63,38.8
2023-05-28,36.8,24.8,30.2,38.8,26.4,79,33,56,9.3,18.8,87,0.0,0.0,0.0,0.0,21.29,36464.79,3,40.9
2023-05-29,36.5,24.5,29.8,40.9,28.9,87,35,63,11.3,22.4,81,1.0,1.0,0.0,2.0,22.59,40233.57,53,42.0
2023-05-30,38.3,24.4,31.8,42.0,28.3,86,25,51,10.3,17.4,308,0.0,0.0,0.0,0.0,22.59,39781.91,2,39.1
2023-05-31,37.3,25.2,31.9,39.1,27.6,69,26,44,8.5,18.1,286,0.0,0.0,0.0,0.0,23.49,41671.02,3,38.1
2023-06-01,37.8,25.6,31.8,38.1,27.0,60,24,41,12.1,23.5,314,0.0,0.0,0.0,0.0,23.6,41795.98,1,39.1
2023-06-02,37.7,26.0,32.2,39.1,28.3,65,26,41,10.8,22.1,321,0.0,0.0,0.0,0.0,22.5,41605.75,2,41.3
2023-06-03,39.3,25.9,33.0,41.3,27.5,59,25,39,8.1,17.0,341,0.0,0.0,0.0,0.0,22.34,41263.77,2,42.3
2023-06-04,40.0,26.1,33.2,42.3,27.2,60,22,40,14.7,25.1,311,0.0,0.0,0.0,0.0,23.07,40850.39,3,40.9
2023-06-05,38.3,27.3,32.6,40.9,30.2,66,25,45,8.2,17.4,308,0.1,0.1,0.0,1.0,22.18,40999.44,51,40.0
2023-06-06,39.8,26.0,33.7,40.0,28.7,65,21,38,11.6,23.7,325,0.0,0.0,0.0,0.0,22.99,41960.17,1,41.8
2023-06-07,40.8,26.9,34.2,41.8,27.5,48,18,32,10.3,19.7,346,0.0,0.0,0.0,0.0,22.6,42240.37,1,41.0
2023-06-08,41.5,27.1,34.6,41.0,28.2,52,15,30,12.2,23.0,307,0.0,0.0,0.0,0.0,24.14,42583.11,1,41.2
2023-06-09,41.8,28.0,35.2,41.2,28.5,48,19,32,13.4,24.6,294,0.0,0.0,0.0,0.0,22.45,42344.32,1,42.5
2023-06-10,42.0,29.9,35.7,42.5,31.1,52,21,34,12.7,25.1,287,0.1,0.1,0.0,1.0,21.17,41005.51,51,41.5
2023-06-11,42.3,31.0,36.4,41.5,30.8,40,18,30,17.3,33.3,296,0.0,0.0,0.0,0.0,21.78,41575.06,3,43.2
2023-06-12,42.4,31.2,37.1,43.2,33.0,49,22,34,13.4,25.9,292,0.0,0.0,0.0,0.0,22.76,41697.13,1,42.7
2023-06-13,43.4,32.7,37.9,42.7,32.9,40,19,30,15.9,30.0,288,0.0,0.0,0.0,0.0,23.05,42418.89,1,41.9
2023-06-14,42.0,33.5,37.8,41.9,33.7,43,21,31,19.8,36.0,273,0.1,0.1,0.0,1.0,20.66,41749.75,51,40.7
2023-06-15,41.4,33.9,37.4,40.7,33.9,42,24,33,19.0,34.9,282,0.0,0.0,0.0,0.0,21.91,41016.02,1,41.5
2023-06-16,41.2,31.5,36.4,41.5,33.6,49,22,35,15.8,30.4,282,0.0,0.0,0.0,0.0,21.88,41586.97,1,43.5
2023-06-17,41.9,31.0,37.2,43.5,33.4,49,23,34,12.5,23.3,272,0.0,0.0,0.0,0.0,22.98,41361.07,1,44.2
2023-06-18,41.2,31.9,36.5,44.2,34.7,56,28,39,10.7,21.0,266,0.0,0.0,0.0,0.0,23.57,42292.0,2,43.2
2023-06-19,40.8,30.6,34.8,43.2,34.3,58,29,46,13.8,30.9,245,0.4,0.4,0.0,2.0,22.07,41005.94,51,38.8
2023-06-20,36.7,27.2,32.5,38.8,31.8,85,44,58,17.8,33.6,236,9.0,9.0,0.0,5.0,16.76,35794.45,63,33.9
2023-06-21,29.9,26.2,27.8,33.9,30.5,94,75,88,13.2,25.1,252,63.1,63.1,0.0,24.0,9.93,1315.92,65,33.6
2023-06-22,30.4,25.5,27.4,33.6,29.1,95,72,87,17.8,30.4,254,78.9,78.9,0.0,20.0,11.76,14204.43,65,42.0
2023-06-23,34.9,26.0,30.0,42.0,31.2,95,57,80,8.4,15.7,264,7.5,7.5,0.0,13.0,18.54,36935.18,61,44.7
2023-06-24,36.5,26.7,31.3,44.7,31.7,93,54,75,13.1,22.6,208,13.1,13.1,0.0,5.0,21.16,32892.15,63,42.8
2023-06-25,34.3,27.2,30.5,42.8,33.6,96,60,79,9.7,18.1,70,0.3,0.3,0.0,3.0,21.0,40253.68,51,40.9
2023-06-26,33.7,26.8,29.4,40.9,32.7,95,64,82,7.6,18.1,345,10.5,10.5,0.0,9.0,17.71,23833.46,63,40.8
2023-06-27,35.2,26.0,30.9,40.8,30.6,95,53,71,9.2,20.4,47,15.9,15.9,0.0,10.0,22.55,41338.25,65,39.6
2023-06-28,34.0,26.4,29.3,39.6,31.8,95,57,78,10.9,23.0,68,17.0,17.0,0.0,15.0,19.17,31542.76,65,37.7
2023-06-29,31.4,25.2,27.8,37.7,30.2,95,70,86,7.9,13.2,81,26.9,26.9,0.0,21.0,11.45,11296.51,65,37.8
2023-06-30,32.2,25.8,27.5,37.8,30.3,96,66,88,10.3,20.8,230,15.2,15.2,0.0,18.0,12.65,10718.63,63,39.0
2023-07-01,33.5,25.5,28.5,39.0,29.5,95,62,84,13.2,23.5,229,15.8,15.8,0.0,20.0,18.47,32247.16,63,40.2
2023-07-02,34.2,26.4,30.1,40.2,32.4,95,59,78,11.3,22.1,275,2.8,2.8,0.0,10.0,16.95,30439.21,53,41.1
2023-07-03,35.2,27.6,31.1,41.1,33.5,88,58,75,9.9,19.7,300,0.4,0.4,0.0,3.0,21.55,37509.58,51,43.3
2023-07-04,35.2,25.0,30.1,43.3,29.4,96,61,80,8.4,25.5,64,8.4,8.4,0.0,6.0,19.77,31564.85,63,41.9
2023-07-05,33.9,26.5,29.7,41.9,32.3,95,67,83,8.1,17.0,86,12.5,12.5,0.0,7.0,20.41,35691.61,63,41.7
2023-07-06,34.5,27.0,29.8,41.7,32.5,95,64,83,9.6,17.7,85,20.6,20.6,0.0,4.0,16.88,23226.34,65,39.3
2023-07-07,32.6,26.6,28.7,39.3,32.7,97,70,87,10.4,19.9,53,23.9,23.9,0.0,15.0,15.63,25403.6,65,37.7
2023-07-08,32.0,26.0,28.9,37.7,31.6,97,69,84,9.5,19.2,120,5.6,5.6,0.0,15.0,14.0,17323.4,61,39.2
2023-07-09,32.3,26.0,29.0,39.2,31.4,96,67,84,8.9,18.6,189,22.3,22.3,0.0,15.0,19.18,38909.58,65,41.6
2023-07-10,33.6,26.5,30.1,41.6,32.8,95,64,80,5.5,13.4,215,6.5,6.5,0.0,9.0,20.87,40968.12,63,42.3
2023-07-11,34.1,26.6,29.7,42.3,32.9,99,60,84,6.4,12.1,135,10.9,10.9,0.0,12.0,18.41,32716.25,63,41.0
2023-07-12,33.7,26.5,29.9,41.0,33.7,98,63,83,6.1,13.2,98,5.6,5.6,0.0,13.0,16.63,33634.73,61,41.1
2023-07-13,33.7,26.9,29.5,41.1,33.5,97,66,84,6.0,13.0,138,8.5,8.5,0.0,8.0,16.17,25722.07,63,42.1
2023-07-14,33.6,26.8,29.7,42.1,32.4,95,67,84,6.8,13.6,279,13.4,13.4,0.0,8.0,18.5,29088.65,63,38.5
2023-07-15,31.6,26.3,28.1,38.5,32.6,97,74,89,8.1,17.7,230,13.6,13.6,0.0,17.0,13.82,23574.31,63,41.9
2023-07-16,33.4,25.5,29.4,41.9,31.6,97,65,82,5.6,13.2,304,8.0,8.0,0.0,11.0,22.42,40326.54,61,40.0
2023-07-17,33.2,25.5,29.5,40.0,31.5,97,62,81,7.4,16.6,60,1.7,1.7,0.0,8.0,22.02,39572.98,53,41.0
2023-07-18,34.3,26.8,30.2,41.0,31.9,92,62,78,11.4,21.9,73,2.0,2.0,0.0,8.0,21.72,41331.64,53,40.6
2023-07-19,34.2,27.6,30.7,40.6,33.1,86,61,76,12.0,25.1,65,1.7,1.7,0.0,3.0,20.4,35669.27,61,40.9
2023-07-20,35.5,28.1,32.0,40.9,33.5,87,54,69,10.4,19.9,68,0.5,0.5,0.0,4.0,23.34,43968.38,51,42.0
2023-07-21,36.2,29.0,32.6,42.0,33.9,79,51,65,11.9,23.3,80,0.0,0.0,0.0,0.0,24.29,44252.72,3,39.6
2023-07-22,34.6,29.5,31.4,39.6,33.7,77,59,70,15.0,29.1,88,2.3,2.3,0.0,6.0,21.53,42627.45,55,40.0
2023-07-23,34.8,29.0,31.7,40.0,33.4,79,59,69,13.7,25.7,93,0.5,0.5,0.0,5.0,23.28,43823.66,51,41.7
2023-07-24,35.8,28.0,31.5,41.7,33.5,87,55,72,9.6,18.8,108,1.8,1.8,0.0,6.0,20.85,42574.02,53,43.5
2023-07-25,35.2,26.9,30.5,43.5,32.9,93,59,80,8.1,16.8,98,15.8,15.8,0.0,9.0,19.93,30176.81,65,42.8
2023-07-26,35.6,27.5,31.5,42.8,33.7,90,53,72,8.2,20.4,55,0.2,0.2,0.0,2.0,22.28,41028.12,51,42.2
2023-07-27,35.3,28.0,31.7,42.2,33.8,89,57,72,9.2,18.1,49,0.4,0.4,0.0,3.0,22.79,40934.39,51,43.9
2023-07-28,35.8,28.0,31.6,43.9,33.8,86,53,71,9.3,15.4,343,0.3,0.3,0.0,3.0,23.18,41274.2,51,41.1
2023-07-29,34.5,26.8,29.6,41.1,32.5,94,58,80,11.0,23.3,287,3.6,3.6,0.0,10.0,20.36,32663.79,53,38.8
2023-07-30,33.0,26.7,30.0,38.8,30.7,87,62,75,11.2,21.7,266,5.4,5.4,0.0,6.0,19.21,40148.11,63,40.7
2023-07-31,34.8,26.8,30.3,40.7,31.8,91,58,76,11.2,21.5,274,5.7,5.7,0.0,8.0,21.0,41819.25,63,40.1
2023-08-01,34.1,27.8,30.3,40.1,32.5,85,61,77,11.2,18.8,272,14.1,14.1,0.0,10.0,18.72,37334.77,65,35.8
2023-08-02,30.9,27.4,28.7,35.8,31.9,93,75,84,12.2,23.5,299,19.1,19.1,0.0,19.0,9.46,7746.27,63,36.9
2023-08-03,32.0,26.1,28.8,36.9,31.7,96,68,84,12.5,23.0,4,46.9,46.9,0.0,15.0,16.83,31754.88,65,38.6
2023-08-04,31.5,26.0,28.5,38.6,30.4,96,71,86,11.9,19.9,350,17.6,17.6,0.0,20.0,16.44,29713.68,63,39.3
2023-08-05,32.6,26.3,28.9,39.3,32.2,97,68,84,9.7,20.4,313,2.9,2.9,0.0,17.0,16.89,30108.76,51,35.5
2023-08-06,31.0,25.5,27.8,35.5,30.5,97,73,87,11.7,21.7,261,27.3,27.3,0.0,16.0,10.89,4882.13,65,36.8
2023-08-07,33.1,27.5,29.8,36.8,30.2,85,57,71,14.3,26.4,259,0.5,0.5,0.0,4.0,20.7,42634.84,51,36.4
2023-08-08,32.5,27.5,29.7,36.4,30.2,77,62,71,15.9,28.0,264,0.0,0.0,0.0,0.0,19.17,35450.98,3,36.8
2023-08-09,32.8,27.4,29.8,36.8,30.6,80,57,71,13.3,24.4,266,0.0,0.0,0.0,0.0,16.64,21552.44,3,38.5
2023-08-10,33.0,27.8,30.1,38.5,31.5,81,59,71,9.8,19.2,274,0.1,0.1,0.0,1.0,18.78,42517.92,51,38.7
2023-08-11,34.2,27.0,30.3,38.7,31.5,84,53,70,10.1,19.9,270,0.4,0.4,0.0,3.0,21.12,39340.21,51,36.4
2023-08-12,33.2,27.2,30.1,36.4,30.9,80,55,68,11.4,20.6,260,0.0,0.0,0.0,0.0,16.48,30702.08,3,38.3
2023-08-13,32.8,27.6,29.7,38.3,30.5,80,60,71,10.8,20.1,241,0.9,0.9,0.0,5.0,19.74,30602.3,51,39.8
2023-08-14,33.0,26.6,29.4,39.8,31.8,89,57,74,5.6,12.1,250,2.3,2.3,0.0,7.0,19.26,36178.96,61,40.5
2023-08-15,33.8,26.2,29.9,40.5,31.5,89,59,74,8.5,15.9,259,0.1,0.1,0.0,1.0,21.72,41862.79,51,40.8
2023-08-16,34.4,27.1,30.7,40.8,31.7,86,57,72,9.2,17.9,262,0.6,0.6,0.0,4.0,22.37,42850.05,51,40.0
2023-08-17,34.2,28.0,30.3,40.0,32.6,91,60,77,10.0,19.2,263,1.4,1.4,0.0,6.0,17.4,26891.68,53,39.4
2023-08-18,32.3,26.0,29.2,39.4,31.5,96,68,85,6.1,22.4,240,11.9,11.9,0.0,12.0,19.41,39600.0,63,40.2
2023-08-19,34.3,26.0,29.7,40.2,31.9,99,60,82,10.9,21.5,67,3.1,3.1,0.0,11.0,20.04,35359.91,61,41.5
2023-08-20,34.2,27.5,30.4,41.5,32.2,90,64,78,10.3,21.9,93,0.6,0.6,0.0,5.0,21.9,40340.77,51,42.3
2023-08-21,34.2,27.4,30.4,42.3,33.8,95,63,81,6.4,10.5,124,2.8,2.8,0.0,7.0,20.74,41476.62,61,41.2
2023-08-22,32.9,26.2,28.3,41.2,32.1,99,72,90,7.6,12.5,198,69.3,69.3,0.0,19.0,10.85,14314.2,65,35.6
2023-08-23,30.2,25.8,27.4,35.6,30.2,97,76,89,10.1,19.0,249,22.4,22.4,0.0,17.0,12.06,16384.17,63,36.7
2023-08-24,32.2,26.4,28.4,36.7,30.5,91,64,78,15.4,27.7,266,1.7,1.7,0.0,7.0,18.51,31415.54,53,37.6
2023-08-25,33.7,26.4,29.5,37.6,29.9,88,54,72,12.2,22.4,262,1.0,1.0,0.0,4.0,22.41,41892.87,53,37.2
2023-08-26,33.6,26.1,29.6,37.2,29.6,83,51,69,12.8,22.4,261,0.0,0.0,0.0,0.0,21.74,42865.42,3,36.6
2023-08-27,33.8,26.1,29.4,36.6,29.2,79,47,65,13.8,25.1,260,0.0,0.0,0.0,0.0,23.62,43324.95,0,37.4
2023-08-28,33.0,25.5,28.9,37.4,27.7,80,57,70,10.9,21.9,267,0.6,0.6,0.0,2.0,20.58,40538.42,53,38.4
2023-08-29,33.8,25.8,29.3,38.4,28.3,79,53,68,10.4,23.9,266,0.4,0.4,0.0,2.0,20.61,42901.75,51,39.9
2023-08-30,34.6,26.4,30.3,39.9,30.2,82,52,68,9.5,17.9,273,0.1,0.1,0.0,1.0,22.4,42264.16,51,41.1
2023-08-31,35.6,26.8,30.9,41.1,31.8,84,46,68,7.1,14.3,284,0.0,0.0,0.0,0.0,22.4,42290.5,1,40.5
2023-09-01,36.2,26.8,31.3,40.5,31.3,81,44,65,8.6,16.8,288,0.3,0.3,0.0,3.0,22.38,42317.38,51,41.5
2023-09-02,37.2,27.3,31.7,41.5,31.1,77,39,61,12.2,21.9,285,0.0,0.0,0.0,0.0,23.19,42087.4,3,41.6
2023-09-03,36.8,27.2,31.7,41.6,31.3,77,41,60,8.7,15.9,296,0.0,0.0,0.0,0.0,22.72,41858.36,3,40.8
2023-09-04,36.2,26.2,31.3,40.8,30.6,81,43,62,9.3,17.9,344,0.0,0.0,0.0,0.0,22.99,41116.4,3,39.7
2023-09-05,33.5,27.0,29.1,39.7,31.0,89,63,80,13.0,23.7,79,16.3,16.3,0.0,9.0,18.32,35555.77,65,39.2
2023-09-06,33.6,26.2,29.3,39.2,30.6,93,61,79,11.4,23.0,52,3.4,3.4,0.0,8.0,17.76,29485.48,61,38.0
2023-09-07,32.7,26.5,29.0,38.0,31.8,93,61,78,10.8,22.8,64,0.9,0.9,0.0,7.0,18.32,29723.66,51,39.0
2023-09-08,33.0,25.6,28.0,39.0,29.6,95,63,85,12.2,24.2,70,8.8,8.8,0.0,12.0,17.38,29185.13,63,34.8
2023-09-09,29.5,25.2,26.9,34.8,29.8,96,80,91,9.2,17.4,96,40.9,40.9,0.0,24.0,7.25,650.18,65,38.4
2023-09-10,32.3,25.5,27.8,38.4,31.0,98,65,87,9.1,18.1,110,17.9,17.9,0.0,12.0,15.94,30600.36,63,36.5
2023-09-11,29.9,25.2,27.3,36.5,30.2,98,77,89,6.8,14.5,172,8.1,8.1,0.0,10.0,8.78,350.0,63,40.0
2023-09-12,31.9,25.4,28.1,40.0,31.5,100,70,87,4.5,9.6,104,1.2,1.2,0.0,7.0,15.11,22416.72,53,39.2
2023-09-13,32.5,25.6,29.1,39.2,32.0,98,67,84,4.7,10.3,70,3.2,3.2,0.0,8.0,16.07,30470.86,61,41.7
2023-09-14,33.9,25.6,29.5,41.7,31.1,97,63,83,8.7,16.6,72,12.9,12.9,0.0,11.0,19.8,37351.22,63,37.1
2023-09-15,32.8,26.1,29.3,37.1,32.0,97,66,80,16.7,32.0,69,14.2,14.2,0.0,11.0,16.91,36295.25,63,37.2
2023-09-16,33.5,26.4,29.5,37.2,30.1,92,59,78,15.4,27.7,103,0.6,0.6,0.0,6.0,19.09,31776.5,51,37.5
2023-09-17,33.2,26.6,29.5,37.5,29.8,86,56,73,10.4,19.9,155,0.2,0.2,0.0,2.0,20.58,39600.0,51,39.1
2023-09-18,32.8,25.6,29.1,39.1,30.2,93,56,76,7.4,11.2,156,0.3,0.3,0.0,3.0,20.11,39600.0,51,41.0
2023-09-19,32.8,25.8,29.0,41.0,31.9,96,66,83,5.0,11.6,112,3.3,3.3,0.0,5.0,17.41,32603.35,63,41.3
2023-09-20,33.7,26.0,29.3,41.3,32.5,98,60,83,7.5,16.1,24,0.6,0.6,0.0,4.0,19.32,38620.22,51,41.2
2023-09-21,33.2,25.6,29.6,41.2,31.8,100,64,81,6.5,14.3,25,1.8,1.8,0.0,8.0,19.34,38940.29,55,39.8
2023-09-22,32.3,25.3,28.3,39.8,31.4,97,66,84,7.2,16.3,47,2.9,2.9,0.0,6.0,17.43,37625.12,61,38.3
2023-09-23,32.3,25.2,28.6,38.3,30.9,97,63,81,9.3,18.6,13,0.7,0.7,0.0,4.0,19.56,39600.0,51,38.4
2023-09-24,32.7,24.8,28.1,38.4,29.8,97,55,78,7.9,18.8,21,2.4,2.4,0.0,4.0,19.09,39600.0,61,37.8
2023-09-25,32.7,24.0,28.3,37.8,28.9,97,55,77,6.3,13.9,55,0.0,0.0,0.0,0.0,20.15,39600.0,2,37.6
2023-09-26,32.3,24.8,28.2,37.6,29.9,98,58,80,8.4,17.0,28,0.9,0.9,0.0,5.0,19.35,39600.0,51,39.5
2023-09-27,33.5,25.0,29.2,39.5,30.8,97,56,76,6.1,14.8,17,1.0,1.0,0.0,2.0,19.22,39600.0,53,40.2
2023-09-28,33.5,25.0,29.3,40.2,30.1,94,55,75,6.9,13.2,11,0.0,0.0,0.0,0.0,18.87,39600.0,1,38.7
2023-09-29,34.5,24.6,29.3,38.7,29.9,96,42,68,6.5,12.5,8,0.0,0.0,0.0,0.0,20.18,38442.86,3,38.6
2023-09-30,34.3,25.0,29.4,38.6,28.6,79,42,63,5.9,11.0,339,0.0,0.0,0.0,0.0,20.44,39600.0,3,39.6
2023-10-01,34.0,25.0,29.3,39.6,29.8,95,51,74,7.9,14.3,31,0.1,0.1,0.0,1.0,19.38,39600.0,51,37.8
2023-10-02,33.0,26.0,28.0,37.8,31.2,92,61,82,7.4,24.4,18,12.6,12.6,0.0,10.0,13.94,28664.9,65,37.0
2023-10-03,33.9,23.4,28.2,37.0,24.2,94,31,63,11.9,21.3,337,0.0,0.0,0.0,0.0,18.12,29217.3,3,35.9
2023-10-04,33.0,21.1,27.0,35.9,22.6,88,44,66,12.0,22.1,325,0.0,0.0,0.0,0.0,19.94,39600.0,3,37.2
2023-10-05,32.7,23.9,28.0,37.2,28.1,97,55,75,10.3,20.1,340,0.1,0.1,0.0,1.0,18.66,39600.0,51,37.0
2023-10-06,34.5,21.1,27.7,37.0,22.8,86,35,62,9.1,17.4,318,0.0,0.0,0.0,0.0,20.75,39600.0,0,38.9
2023-10-07,35.0,21.8,28.2,38.9,25.4,95,38,67,5.0,11.9,193,0.0,0.0,0.0,0.0,20.1,39600.0,3,39.0
2023-10-08,36.6,23.9,29.2,39.0,26.4,78,34,60,8.1,16.1,258,0.0,0.0,0.0,0.0,19.86,39600.0,1,38.8
2023-10-09,36.8,25.6,30.1,38.8,26.1,66,33,51,10.6,19.7,271,0.0,0.0,0.0,0.0,19.53,39600.0,0,38.1
2023-10-10,36.8,25.3,29.8,38.1,26.8,67,29,53,9.0,17.4,276,0.0,0.0,0.0,0.0,19.68,39600.0,0,37.4
2023-10-11,36.2,24.1,29.4,37.4,24.9,64,26,48,10.3,18.6,291,0.0,0.0,0.0,0.0,17.78,39600.0,3,38.8
2023-10-12,36.1,24.0,29.2,38.8,25.4,67,24,49,9.2,16.6,330,0.0,0.0,0.0,0.0,19.1,39600.0,1,37.3
2023-10-13,36.4,21.9,28.4,37.3,23.8,88,25,55,7.1,14.5,211,0.0,0.0,0.0,0.0,19.3,39600.0,0,37.1
2023-10-14,36.9,22.5,29.0,37.1,23.8,71,24,49,7.4,15.4,233,0.0,0.0,0.0,0.0,18.12,38378.86,3,37.0
2023-10-15,36.0,22.6,28.8,37.0,24.1,75,25,51,7.7,15.9,241,0.0,0.0,0.0,0.0,17.58,39600.0,1,36.4
2023-10-16,34.0,22.8,27.5,36.4,24.0,81,31,57,15.0,29.3,175,0.2,0.2,0.0,1.0,16.02,39600.0,51,34.5
2023-10-17,31.8,20.9,25.6,34.5,23.7,90,43,69,8.9,17.7,57,0.2,0.2,0.0,1.0,17.65,38013.38,51,33.9
2023-10-18,31.9,20.9,26.1,33.9,23.9,95,36,64,8.8,17.4,323,0.0,0.0,0.0,0.0,17.19,39600.0,1,32.5
2023-10-19,32.5,20.8,25.8,32.5,22.0,79,25,52,10.1,18.8,343,0.0,0.0,0.0,0.0,18.6,39600.0,0,32.5
2023-10-20,32.2,18.9,25.2,32.5,19.5,77,29,55,8.6,16.8,316,0.0,0.0,0.0,0.0,17.59,39600.0,1,32.6
2023-10-21,31.6,19.9,25.0,32.6,20.9,82,29,55,7.2,14.8,28,0.0,0.0,0.0,0.0,18.14,39600.0,0,31.4
2023-10-22,31.4,18.4,24.6,31.4,18.7,84,31,56,6.9,15.4,63,0.0,0.0,0.0,0.0,18.23,39600.0,0,32.4
2023-10-23,31.8,18.4,24.7,32.4,19.5,87,28,57,7.9,15.2,1,0.0,0.0,0.0,0.0,17.78,39600.0,0,32.0
2023-10-24,31.6,18.5,25.1,32.0,19.7,82,31,53,9.7,18.1,356,0.0,0.0,0.0,0.0,17.09,39600.0,1,31.8
2023-10-25,32.0,18.6,24.8,31.8,18.8,79,30,53,8.0,15.0,319,0.0,0.0,0.0,0.0,17.12,39573.93,0,32.5
2023-10-26,32.2,18.6,24.6,32.5,18.1,71,26,50,7.3,13.6,307,0.0,0.0,0.0,0.0,17.63,39526.83,0,32.1
2023-10-27,31.6,16.9,24.0,32.1,16.8,79,28,54,6.4,12.5,338,0.0,0.0,0.0,0.0,17.61,39480.36,0,32.8
2023-10-28,31.7,17.2,24.3,32.8,17.0,75,29,54,5.9,9.2,308,0.0,0.0,0.0,0.0,17.24,39352.77,3,32.9
2023-10-29,31.5,18.3,24.7,32.9,18.8,82,31,55,5.7,8.5,132,0.0,0.0,0.0,0.0,16.85,39116.61,3,33.0
2023-10-30,31.8,19.0,24.8,33.0,19.9,79,33,59,6.0,12.3,85,0.0,0.0,0.0,0.0,16.8,37540.48,3,33.1
2023-10-31,31.2,19.0,25.0,33.1,20.8,88,39,63,5.0,11.6,81,0.0,0.0,0.0,0.0,16.14,36763.11,3,32.8
2023-11-01,31.2,19.6,25.3,32.8,21.3,89,38,61,5.4,12.3,66,0.0,0.0,0.0,0.0,16.48,38669.64,3,33.1
2023-11-02,31.2,19.4,24.9,33.1,21.0,87,39,61,7.7,13.9,29,0.0,0.0,0.0,0.0,16.28,38428.97,0,32.2
2023-11-03,31.4,19.2,25.0,32.2,20.1,80,31,57,5.9,13.0,336,0.0,0.0,0.0,0.0,15.74,37647.49,1,31.9
2023-11-04,31.8,18.9,24.7,31.9,19.4,82,27,59,8.5,17.0,327,0.0,0.0,0.0,0.0,15.53,37132.72,3,32.8
2023-11-05,32.2,18.4,24.6,32.8,19.7,97,27,62,6.7,13.4,288,0.0,0.0,0.0,0.0,15.29,38239.67,1,32.7
2023-11-06,31.1,18.4,24.5,32.7,20.2,94,32,59,6.1,12.8,42,0.0,0.0,0.0,0.0,15.98,38265.26,3,31.4
2023-11-07,31.0,19.3,23.9,31.4,19.2,77,28,58,6.3,11.2,54,0.0,0.0,0.0,0.0,16.15,38018.5,0,32.4
2023-11-08,31.9,17.1,23.9,32.4,17.1,85,30,58,8.2,15.4,250,0.0,0.0,0.0,0.0,15.39,37497.83,1,33.1
2023-11-09,32.2,17.4,24.2,33.1,18.3,89,27,59,7.5,15.0,294,0.0,0.0,0.0,0.0,15.21,37519.94,1,33.5
2023-11-10,31.5,19.0,25.1,33.5,20.4,85,35,59,6.8,11.0,105,0.0,0.0,0.0,0.0,14.49,37268.0,1,31.5
2023-11-11,29.1,19.0,23.6,31.5,21.0,92,48,71,9.2,17.9,44,0.0,0.0,0.0,0.0,13.87,34962.69,3,29.0
2023-11-12,27.8,18.1,22.4,29.0,19.8,94,43,71,4.8,11.6,339,0.0,0.0,0.0,0.0,14.99,37307.29,0,29.3
2023-11-13,27.7,16.9,21.9,29.3,17.7,90,44,68,4.8,9.6,31,0.0,0.0,0.0,0.0,15.02,37031.07,3,28.6
2023-11-14,27.6,17.1,21.8,28.6,17.8,88,41,67,5.6,11.4,36,0.0,0.0,0.0,0.0,13.87,31226.16,3,29.3
2023-11-15,27.2,16.4,21.5,29.3,17.0,91,43,67,6.5,7.4,9,0.0,0.0,0.0,0.0,14.97,37241.74,3,28.5
2023-11-16,27.5,15.1,21.0,28.5,15.2,92,43,70,5.4,11.6,61,0.0,0.0,0.0,0.0,14.73,37012.12,0,28.3
2023-11-17,27.3,15.6,21.5,28.3,16.4,93,40,65,4.8,9.6,357,0.0,0.0,0.0,0.0,14.86,36993.92,0,30.0
2023-11-18,27.9,15.3,21.6,30.0,15.7,94,44,68,5.4,9.2,343,0.0,0.0,0.0,0.0,14.61,36824.66,0,30.1
2023-11-19,28.9,16.7,22.2,30.1,17.1,86,46,67,6.5,15.0,69,0.0,0.0,0.0,0.0,13.88,35475.99,1,30.4
2023-11-20,28.5,17.3,22.3,30.4,17.9,87,47,68,4.8,12.1,42,0.0,0.0,0.0,0.0,13.88,35237.67,1,27.9
2023-11-21,27.8,16.2,21.5,27.9,16.2,87,41,65,7.6,15.2,318,0.0,0.0,0.0,0.0,14.46,36115.56,0,26.8
2023-11-22,27.2,15.1,20.5,26.8,15.4,92,40,68,7.1,15.2,304,0.0,0.0,0.0,0.0,14.49,35876.83,0,27.4
2023-11-23,26.6,14.1,20.0,27.4,14.1,94,42,67,4.8,9.4,45,0.0,0.0,0.0,0.0,14.47,36196.27,0,26.6
2023-11-24,26.3,13.2,19.5,26.6,12.2,87,39,65,6.1,8.5,28,0.0,0.0,0.0,0.0,14.55,36235.31,0,26.6
2023-11-25,26.1,14.2,19.9,26.6,13.8,89,41,68,5.6,8.7,11,0.0,0.0,0.0,0.0,14.33,35710.68,0,26.0
2023-11-26,26.4,13.6,19.8,26.0,13.5,92,35,64,7.6,15.9,88,0.0,0.0,0.0,0.0,13.62,33757.47,3,21.9
2023-11-27,21.0,14.9,18.3,21.9,14.6,92,67,77,9.4,19.0,111,0.6,0.6,0.0,2.0,3.84,377.62,53,26.7
2023-11-28,27.0,13.9,20.5,26.7,14.1,98,43,72,7.1,15.7,114,0.2,0.2,0.0,2.0,13.17,33553.89,51,27.8
2023-11-29,26.8,15.6,21.4,27.8,16.5,97,51,74,5.1,11.9,111,0.0,0.0,0.0,0.0,13.26,33866.25,3,25.2
2023-11-30,24.1,18.4,20.6,25.2,19.8,96,69,86,8.9,18.1,119,11.0,11.0,0.0,9.0,9.07,25370.84,63,27.6
2023-12-01,25.9,18.2,21.3,27.6,19.9,98,62,84,7.8,15.7,71,0.2,0.2,0.0,2.0,10.17,26529.64,51,28.7
2023-12-02,26.6,17.1,21.3,28.7,18.8,99,61,84,6.7,14.3,76,0.5,0.5,0.0,2.0,11.7,27941.12,51,29.3
2023-12-03,27.9,17.6,22.3,29.3,19.4,97,55,77,6.5,14.5,56,0.0,0.0,0.0,0.0,12.94,33119.73,2,26.2
2023-12-04,26.2,18.0,21.2,26.2,18.2,91,52,71,12.0,20.6,31,4.2,4.2,0.0,3.0,11.41,32512.17,61,25.9
2023-12-05,25.2,16.8,20.4,25.9,18.0,92,56,79,6.6,14.5,6,0.5,0.5,0.0,3.0,11.04,29196.38,51,26.8
2023-12-06,25.9,16.6,21.3,26.8,17.4,90,53,72,5.5,11.9,51,0.0,0.0,0.0,0.0,9.88,24078.37,3,27.0
2023-12-07,26.1,17.5,21.5,27.0,18.4,93,51,72,5.5,11.4,78,0.0,0.0,0.0,0.0,11.11,27967.51,3,26.6
2023-12-08,25.9,15.3,20.0,26.6,16.2,97,47,76,5.5,13.0,298,0.0,0.0,0.0,0.0,12.71,33794.02,1,25.1
2023-12-09,26.1,14.3,19.4,25.1,14.4,94,38,68,8.5,16.3,314,0.0,0.0,0.0,0.0,13.32,33811.79,0,23.6
2023-12-10,25.2,13.2,18.2,23.6,12.4,85,36,66,8.6,17.0,297,0.0,0.0,0.0,0.0,13.67,34401.79,0,24.1
2023-12-11,24.5,11.6,17.7,24.1,11.3,95,38,69,6.2,10.1,348,0.0,0.0,0.0,0.0,13.61,34131.12,0,24.2
2023-12-12,24.5,12.4,17.7,24.2,11.7,94,41,70,7.8,12.5,50,0.0,0.0,0.0,0.0,13.2,33858.14,3,22.9
2023-12-13,24.1,11.5,17.2,22.9,10.9,96,36,68,6.4,12.5,325,0.0,0.0,0.0,0.0,13.56,34446.73,0,23.0
2023-12-14,24.5,10.9,17.5,23.0,10.0,94,39,68,7.0,15.0,277,0.0,0.0,0.0,0.0,13.5,34458.98,2,23.3
2023-12-15,23.8,11.5,17.0,23.3,10.5,93,42,69,5.7,11.6,342,0.0,0.0,0.0,0.0,13.5,34182.83,0,22.9
2023-12-16,23.7,11.5,16.9,22.9,10.9,92,43,70,5.5,12.5,349,0.0,0.0,0.0,0.0,13.34,33903.93,0,21.3
2023-12-17,23.0,10.8,16.4,21.3,9.9,94,31,64,6.5,11.9,341,0.0,0.0,0.0,0.0,13.55,34201.95,1,20.8
2023-12-18,22.9,9.9,15.9,20.8,8.8,95,41,67,10.0,19.5,305,0.0,0.0,0.0,0.0,13.4,34207.43,3,19.8
2023-12-19,22.4,10.6,15.3,19.8,8.8,87,35,65,7.8,15.9,295,0.0,0.0,0.0,0.0,13.23,34427.03,3,20.8
2023-12-20,22.3,10.7,15.6,20.8,9.2,88,40,66,5.7,12.3,311,0.0,0.0,0.0,0.0,12.54,32969.9,3,20.4
2023-12-21,21.9,9.9,15.3,20.4,8.5,91,44,71,6.2,14.5,299,0.0,0.0,0.0,0.0,12.62,32251.79,3,21.5
2023-12-22,21.1,9.9,15.4,21.5,9.1,98,55,80,4.9,8.7,334,0.0,0.0,0.0,0.0,10.09,21957.05,3,22.7
2023-12-23,23.0,10.3,16.1,22.7,8.9,97,45,76,5.6,11.6,52,0.0,0.0,0.0,0.0,13.14,34375.09,3,24.5
2023-12-24,24.5,10.9,17.1,24.5,9.8,95,44,74,6.0,9.2,2,0.0,0.0,0.0,0.0,13.3,34649.76,0,23.5
2023-12-25,23.8,10.5,16.4,23.5,9.8,97,49,78,5.7,10.7,300,0.0,0.0,0.0,0.0,13.31,34634.11,0,24.2
2023-12-26,23.9,10.2,16.4,24.2,9.1,99,50,80,6.0,8.9,311,0.0,0.0,0.0,0.0,13.27,34906.67,0,24.1
2023-12-27,23.9,10.5,16.7,24.1,10.2,99,46,77,5.9,8.5,333,0.0,0.0,0.0,0.0,13.41,35178.12,3,22.7
2023-12-28,22.2,10.0,14.8,22.7,9.1,100,55,85,5.7,9.2,328,0.0,0.0,0.0,0.0,12.68,29203.16,3,22.5
2023-12-29,22.0,9.4,14.4,22.5,8.4,100,56,84,5.9,8.9,21,0.0,0.0,0.0,0.0,13.32,35428.65,3,20.7
2023-12-30,20.5,8.9,13.1,20.7,7.6,100,59,88,5.5,8.7,8,0.0,0.0,0.0,0.0,12.08,28430.99,3,20.3
2023-12-31,20.4,8.5,13.4,20.3,7.3,100,58,85,5.1,11.2,56,0.0,0.0,0.0,0.0,12.11,29391.33,3,
